,Date,Province/State,Days,Growth Rate,New cases,Total cases
0,2020-01-22,Australian Capital Territory,0,0.0,0,0
1,2020-01-22,New South Wales,0,0.0,0,0
2,2020-01-22,Northern Territory,0,0.0,0,0
3,2020-01-22,Queensland,0,0.0,0,0
4,2020-01-22,South Australia,0,0.0,0,0
5,2020-01-22,Tasmania,0,0.0,0,0
6,2020-01-22,Victoria,0,0.0,0,0
7,2020-01-22,Western Australia,0,0.0,0,0
8,2020-01-23,Australian Capital Territory,1,0.0,0,0
9,2020-01-23,New South Wales,1,0.0,0,0
10,2020-01-23,Northern Territory,1,0.0,0,0
11,2020-01-23,Queensland,1,0.0,0,0
12,2020-01-23,South Australia,1,0.0,0,0
13,2020-01-23,Tasmania,1,0.0,0,0
14,2020-01-23,Victoria,1,0.0,0,0
15,2020-01-23,Western Australia,1,0.0,0,0
16,2020-01-24,Australian Capital Territory,2,0.0,0,0
17,2020-01-24,New South Wales,2,0.0,0,0
18,2020-01-24,Northern Territory,2,0.0,0,0
19,2020-01-24,Queensland,2,0.0,0,0
20,2020-01-24,South Australia,2,0.0,0,0
21,2020-01-24,Tasmania,2,0.0,0,0
22,2020-01-24,Victoria,2,0.0,0,0
23,2020-01-24,Western Australia,2,0.0,0,0
24,2020-01-25,Australian Capital Territory,3,0.0,0,0
25,2020-01-25,New South Wales,3,0.0,0,0
26,2020-01-25,Northern Territory,3,0.0,0,0
27,2020-01-25,Queensland,3,0.0,0,0
28,2020-01-25,South Australia,3,0.0,0,0
29,2020-01-25,Tasmania,3,0.0,0,0
30,2020-01-25,Victoria,3,0.0,0,0
31,2020-01-25,Western Australia,3,0.0,0,0
32,2020-01-26,Australian Capital Territory,4,0.0,0,0
33,2020-01-26,New South Wales,4,100.0,3,3
34,2020-01-26,Northern Territory,4,0.0,0,0
35,2020-01-26,Queensland,4,0.0,0,0
36,2020-01-26,South Australia,4,0.0,0,0
37,2020-01-26,Tasmania,4,0.0,0,0
38,2020-01-26,Victoria,4,100.0,1,1
39,2020-01-26,Western Australia,4,0.0,0,0
40,2020-01-27,Australian Capital Territory,5,0.0,0,0
41,2020-01-27,New South Wales,5,57.14285714285715,1,4
42,2020-01-27,Northern Territory,5,0.0,0,0
43,2020-01-27,Queensland,5,0.0,0,0
44,2020-01-27,South Australia,5,0.0,0,0
45,2020-01-27,Tasmania,5,0.0,0,0
46,2020-01-27,Victoria,5,50.0,0,1
47,2020-01-27,Western Australia,5,0.0,0,0
48,2020-01-28,Australian Capital Territory,6,0.0,0,0
49,2020-01-28,New South Wales,6,36.36363636363637,0,4
50,2020-01-28,Northern Territory,6,0.0,0,0
51,2020-01-28,Queensland,6,0.0,0,0
52,2020-01-28,South Australia,6,0.0,0,0
53,2020-01-28,Tasmania,6,0.0,0,0
54,2020-01-28,Victoria,6,33.333333333333336,0,1
55,2020-01-28,Western Australia,6,0.0,0,0
56,2020-01-29,Australian Capital Territory,7,0.0,0,0
57,2020-01-29,New South Wales,7,26.666666666666668,0,4
58,2020-01-29,Northern Territory,7,0.0,0,0
59,2020-01-29,Queensland,7,100.0,1,1
60,2020-01-29,South Australia,7,0.0,0,0
61,2020-01-29,Tasmania,7,0.0,0,0
62,2020-01-29,Victoria,7,25.0,0,1
63,2020-01-29,Western Australia,7,0.0,0,0
64,2020-01-30,Australian Capital Territory,8,0.0,0,0
65,2020-01-30,New South Wales,8,21.05263157894737,0,4
66,2020-01-30,Northern Territory,8,0.0,0,0
67,2020-01-30,Queensland,8,74.99999999999999,2,3
68,2020-01-30,South Australia,8,0.0,0,0
69,2020-01-30,Tasmania,8,0.0,0,0
70,2020-01-30,Victoria,8,33.333333333333336,1,2
71,2020-01-30,Western Australia,8,0.0,0,0
72,2020-01-31,Australian Capital Territory,9,0.0,0,0
73,2020-01-31,New South Wales,9,5.0,0,4
74,2020-01-31,Northern Territory,9,0.0,0,0
75,2020-01-31,Queensland,9,33.333333333333336,-1,2
76,2020-01-31,South Australia,9,0.0,0,0
77,2020-01-31,Tasmania,9,0.0,0,0
78,2020-01-31,Victoria,9,25.0,1,3
79,2020-01-31,Western Australia,9,0.0,0,0
80,2020-02-01,Australian Capital Territory,10,0.0,0,0
81,2020-02-01,New South Wales,10,0.0,0,4
82,2020-02-01,Northern Territory,10,0.0,0,0
83,2020-02-01,Queensland,10,33.33333333333333,1,3
84,2020-02-01,South Australia,10,100.0,1,1
85,2020-02-01,Tasmania,10,0.0,0,0
86,2020-02-01,Victoria,10,27.27272727272727,1,4
87,2020-02-01,Western Australia,10,0.0,0,0
88,2020-02-02,Australian Capital Territory,11,0.0,0,0
89,2020-02-02,New South Wales,11,0.0,0,4
90,2020-02-02,Northern Territory,11,0.0,0,0
91,2020-02-02,Queensland,11,18.181818181818183,-1,2
92,2020-02-02,South Australia,11,66.66666666666667,1,2
93,2020-02-02,Tasmania,11,0.0,0,0
94,2020-02-02,Victoria,11,21.42857142857143,0,4
95,2020-02-02,Western Australia,11,0.0,0,0
96,2020-02-03,Australian Capital Territory,12,0.0,0,0
97,2020-02-03,New South Wales,12,0.0,0,4
98,2020-02-03,Northern Territory,12,0.0,0,0
99,2020-02-03,Queensland,12,8.333333333333334,0,2
100,2020-02-03,South Australia,12,40.0,0,2
101,2020-02-03,Tasmania,12,0.0,0,0
102,2020-02-03,Victoria,12,17.647058823529413,0,4
103,2020-02-03,Western Australia,12,0.0,0,0
104,2020-02-04,Australian Capital Territory,13,0.0,0,0
105,2020-02-04,New South Wales,13,0.0,0,4
106,2020-02-04,Northern Territory,13,0.0,0,0
107,2020-02-04,Queensland,13,0.0,1,3
108,2020-02-04,South Australia,13,28.571428571428577,0,2
109,2020-02-04,Tasmania,13,0.0,0,0
110,2020-02-04,Victoria,13,10.526315789473685,0,4
111,2020-02-04,Western Australia,13,0.0,0,0
112,2020-02-05,Australian Capital Territory,14,0.0,0,0
113,2020-02-05,New South Wales,14,0.0,0,4
114,2020-02-05,Northern Territory,14,0.0,0,0
115,2020-02-05,Queensland,14,7.6923076923076925,0,3
116,2020-02-05,South Australia,14,22.222222222222225,0,2
117,2020-02-05,Tasmania,14,0.0,0,0
118,2020-02-05,Victoria,14,5.0,0,4
119,2020-02-05,Western Australia,14,0.0,0,0
120,2020-02-06,Australian Capital Territory,15,0.0,0,0
121,2020-02-06,New South Wales,15,0.0,0,4
122,2020-02-06,Northern Territory,15,0.0,0,0
123,2020-02-06,Queensland,15,7.142857142857144,1,4
124,2020-02-06,South Australia,15,10.0,0,2
125,2020-02-06,Tasmania,15,0.0,0,0
126,2020-02-06,Victoria,15,0.0,0,4
127,2020-02-06,Western Australia,15,0.0,0,0
128,2020-02-07,Australian Capital Territory,16,0.0,0,0
129,2020-02-07,New South Wales,16,0.0,0,4
130,2020-02-07,Northern Territory,16,0.0,0,0
131,2020-02-07,Queensland,16,17.647058823529413,1,5
132,2020-02-07,South Australia,16,0.0,0,2
133,2020-02-07,Tasmania,16,0.0,0,0
134,2020-02-07,Victoria,16,0.0,0,4
135,2020-02-07,Western Australia,16,0.0,0,0
136,2020-02-08,Australian Capital Territory,17,0.0,0,0
137,2020-02-08,New South Wales,17,0.0,0,4
138,2020-02-08,Northern Territory,17,0.0,0,0
139,2020-02-08,Queensland,17,15.0,0,5
140,2020-02-08,South Australia,17,0.0,0,2
141,2020-02-08,Tasmania,17,0.0,0,0
142,2020-02-08,Victoria,17,0.0,0,4
143,2020-02-08,Western Australia,17,0.0,0,0
144,2020-02-09,Australian Capital Territory,18,0.0,0,0
145,2020-02-09,New South Wales,18,0.0,0,4
146,2020-02-09,Northern Territory,18,0.0,0,0
147,2020-02-09,Queensland,18,9.090909090909092,0,5
148,2020-02-09,South Australia,18,0.0,0,2
149,2020-02-09,Tasmania,18,0.0,0,0
150,2020-02-09,Victoria,18,0.0,0,4
151,2020-02-09,Western Australia,18,0.0,0,0
152,2020-02-10,Australian Capital Territory,19,0.0,0,0
153,2020-02-10,New South Wales,19,0.0,0,4
154,2020-02-10,Northern Territory,19,0.0,0,0
155,2020-02-10,Queensland,19,8.333333333333334,0,5
156,2020-02-10,South Australia,19,0.0,0,2
157,2020-02-10,Tasmania,19,0.0,0,0
158,2020-02-10,Victoria,19,0.0,0,4
159,2020-02-10,Western Australia,19,0.0,0,0
160,2020-02-11,Australian Capital Territory,20,0.0,0,0
161,2020-02-11,New South Wales,20,0.0,0,4
162,2020-02-11,Northern Territory,20,0.0,0,0
163,2020-02-11,Queensland,20,4.0,0,5
164,2020-02-11,South Australia,20,0.0,0,2
165,2020-02-11,Tasmania,20,0.0,0,0
166,2020-02-11,Victoria,20,0.0,0,4
167,2020-02-11,Western Australia,20,0.0,0,0
168,2020-02-12,Australian Capital Territory,21,0.0,0,0
169,2020-02-12,New South Wales,21,0.0,0,4
170,2020-02-12,Northern Territory,21,0.0,0,0
171,2020-02-12,Queensland,21,0.0,0,5
172,2020-02-12,South Australia,21,0.0,0,2
173,2020-02-12,Tasmania,21,0.0,0,0
174,2020-02-12,Victoria,21,0.0,0,4
175,2020-02-12,Western Australia,21,0.0,0,0
176,2020-02-13,Australian Capital Territory,22,0.0,0,0
177,2020-02-13,New South Wales,22,0.0,0,4
178,2020-02-13,Northern Territory,22,0.0,0,0
179,2020-02-13,Queensland,22,0.0,0,5
180,2020-02-13,South Australia,22,0.0,0,2
181,2020-02-13,Tasmania,22,0.0,0,0
182,2020-02-13,Victoria,22,0.0,0,4
183,2020-02-13,Western Australia,22,0.0,0,0
184,2020-02-14,Australian Capital Territory,23,0.0,0,0
185,2020-02-14,New South Wales,23,0.0,0,4
186,2020-02-14,Northern Territory,23,0.0,0,0
187,2020-02-14,Queensland,23,0.0,0,5
188,2020-02-14,South Australia,23,0.0,0,2
189,2020-02-14,Tasmania,23,0.0,0,0
190,2020-02-14,Victoria,23,0.0,0,4
191,2020-02-14,Western Australia,23,0.0,0,0
192,2020-02-15,Australian Capital Territory,24,0.0,0,0
193,2020-02-15,New South Wales,24,0.0,0,4
194,2020-02-15,Northern Territory,24,0.0,0,0
195,2020-02-15,Queensland,24,0.0,0,5
196,2020-02-15,South Australia,24,0.0,0,2
197,2020-02-15,Tasmania,24,0.0,0,0
198,2020-02-15,Victoria,24,0.0,0,4
199,2020-02-15,Western Australia,24,0.0,0,0
200,2020-02-16,Australian Capital Territory,25,0.0,0,0
201,2020-02-16,New South Wales,25,0.0,0,4
202,2020-02-16,Northern Territory,25,0.0,0,0
203,2020-02-16,Queensland,25,0.0,0,5
204,2020-02-16,South Australia,25,0.0,0,2
205,2020-02-16,Tasmania,25,0.0,0,0
206,2020-02-16,Victoria,25,0.0,0,4
207,2020-02-16,Western Australia,25,0.0,0,0
208,2020-02-17,Australian Capital Territory,26,0.0,0,0
209,2020-02-17,New South Wales,26,0.0,0,4
210,2020-02-17,Northern Territory,26,0.0,0,0
211,2020-02-17,Queensland,26,0.0,0,5
212,2020-02-17,South Australia,26,0.0,0,2
213,2020-02-17,Tasmania,26,0.0,0,0
214,2020-02-17,Victoria,26,0.0,0,4
215,2020-02-17,Western Australia,26,0.0,0,0
216,2020-02-18,Australian Capital Territory,27,0.0,0,0
217,2020-02-18,New South Wales,27,0.0,0,4
218,2020-02-18,Northern Territory,27,0.0,0,0
219,2020-02-18,Queensland,27,0.0,0,5
220,2020-02-18,South Australia,27,0.0,0,2
221,2020-02-18,Tasmania,27,0.0,0,0
222,2020-02-18,Victoria,27,0.0,0,4
223,2020-02-18,Western Australia,27,0.0,0,0
224,2020-02-19,Australian Capital Territory,28,0.0,0,0
225,2020-02-19,New South Wales,28,0.0,0,4
226,2020-02-19,Northern Territory,28,0.0,0,0
227,2020-02-19,Queensland,28,0.0,0,5
228,2020-02-19,South Australia,28,0.0,0,2
229,2020-02-19,Tasmania,28,0.0,0,0
230,2020-02-19,Victoria,28,0.0,0,4
231,2020-02-19,Western Australia,28,0.0,0,0
232,2020-02-20,Australian Capital Territory,29,0.0,0,0
233,2020-02-20,New South Wales,29,0.0,0,4
234,2020-02-20,Northern Territory,29,0.0,0,0
235,2020-02-20,Queensland,29,0.0,0,5
236,2020-02-20,South Australia,29,0.0,0,2
237,2020-02-20,Tasmania,29,0.0,0,0
238,2020-02-20,Victoria,29,0.0,0,4
239,2020-02-20,Western Australia,29,0.0,0,0
240,2020-02-21,Australian Capital Territory,30,0.0,0,0
241,2020-02-21,New South Wales,30,0.0,0,4
242,2020-02-21,Northern Territory,30,0.0,0,0
243,2020-02-21,Queensland,30,0.0,0,5
244,2020-02-21,South Australia,30,0.0,0,2
245,2020-02-21,Tasmania,30,0.0,0,0
246,2020-02-21,Victoria,30,0.0,0,4
247,2020-02-21,Western Australia,30,0.0,0,0
248,2020-02-22,Australian Capital Territory,31,0.0,0,0
249,2020-02-22,New South Wales,31,0.0,0,4
250,2020-02-22,Northern Territory,31,0.0,0,0
251,2020-02-22,Queensland,31,0.0,0,5
252,2020-02-22,South Australia,31,0.0,0,2
253,2020-02-22,Tasmania,31,0.0,0,0
254,2020-02-22,Victoria,31,0.0,0,4
255,2020-02-22,Western Australia,31,0.0,0,0
256,2020-02-23,Australian Capital Territory,32,0.0,0,0
257,2020-02-23,New South Wales,32,0.0,0,4
258,2020-02-23,Northern Territory,32,0.0,0,0
259,2020-02-23,Queensland,32,0.0,0,5
260,2020-02-23,South Australia,32,0.0,0,2
261,2020-02-23,Tasmania,32,0.0,0,0
262,2020-02-23,Victoria,32,0.0,0,4
263,2020-02-23,Western Australia,32,0.0,0,0
264,2020-02-24,Australian Capital Territory,33,0.0,0,0
265,2020-02-24,New South Wales,33,0.0,0,4
266,2020-02-24,Northern Territory,33,0.0,0,0
267,2020-02-24,Queensland,33,0.0,0,5
268,2020-02-24,South Australia,33,0.0,0,2
269,2020-02-24,Tasmania,33,0.0,0,0
270,2020-02-24,Victoria,33,0.0,0,4
271,2020-02-24,Western Australia,33,0.0,0,0
272,2020-02-25,Australian Capital Territory,34,0.0,0,0
273,2020-02-25,New South Wales,34,0.0,0,4
274,2020-02-25,Northern Territory,34,0.0,0,0
275,2020-02-25,Queensland,34,0.0,0,5
276,2020-02-25,South Australia,34,0.0,0,2
277,2020-02-25,Tasmania,34,0.0,0,0
278,2020-02-25,Victoria,34,0.0,0,4
279,2020-02-25,Western Australia,34,0.0,0,0
280,2020-02-26,Australian Capital Territory,35,0.0,0,0
281,2020-02-26,New South Wales,35,0.0,0,4
282,2020-02-26,Northern Territory,35,0.0,0,0
283,2020-02-26,Queensland,35,0.0,0,5
284,2020-02-26,South Australia,35,0.0,0,2
285,2020-02-26,Tasmania,35,0.0,0,0
286,2020-02-26,Victoria,35,0.0,0,4
287,2020-02-26,Western Australia,35,0.0,0,0
288,2020-02-27,Australian Capital Territory,36,0.0,0,0
289,2020-02-27,New South Wales,36,0.0,0,4
290,2020-02-27,Northern Territory,36,0.0,0,0
291,2020-02-27,Queensland,36,0.0,0,5
292,2020-02-27,South Australia,36,0.0,0,2
293,2020-02-27,Tasmania,36,0.0,0,0
294,2020-02-27,Victoria,36,0.0,0,4
295,2020-02-27,Western Australia,36,0.0,0,0
296,2020-02-28,Australian Capital Territory,37,0.0,0,0
297,2020-02-28,New South Wales,37,0.0,0,4
298,2020-02-28,Northern Territory,37,0.0,0,0
299,2020-02-28,Queensland,37,0.0,0,5
300,2020-02-28,South Australia,37,0.0,0,2
301,2020-02-28,Tasmania,37,0.0,0,0
302,2020-02-28,Victoria,37,0.0,0,4
303,2020-02-28,Western Australia,37,0.0,0,0
304,2020-02-29,Australian Capital Territory,38,0.0,0,0
305,2020-02-29,New South Wales,38,0.0,0,4
306,2020-02-29,Northern Territory,38,0.0,0,0
307,2020-02-29,Queensland,38,13.793103448275861,4,9
308,2020-02-29,South Australia,38,9.090909090909092,1,3
309,2020-02-29,Tasmania,38,0.0,0,0
310,2020-02-29,Victoria,38,13.043478260869565,3,7
311,2020-02-29,Western Australia,38,100.0,2,2
312,2020-03-01,Australian Capital Territory,39,0.0,0,0
313,2020-03-01,New South Wales,39,9.090909090909092,2,6
314,2020-03-01,Northern Territory,39,0.0,0,0
315,2020-03-01,Queensland,39,12.121212121212123,0,9
316,2020-03-01,South Australia,39,8.333333333333334,0,3
317,2020-03-01,Tasmania,39,0.0,0,0
318,2020-03-01,Victoria,39,11.538461538461538,0,7
319,2020-03-01,Western Australia,39,50.0,0,2
320,2020-03-02,Australian Capital Territory,40,0.0,0,0
321,2020-03-02,New South Wales,40,8.333333333333334,0,6
322,2020-03-02,Northern Territory,40,0.0,0,0
323,2020-03-02,Queensland,40,10.81081081081081,0,9
324,2020-03-02,South Australia,40,7.6923076923076925,0,3
325,2020-03-02,Tasmania,40,100.0,1,1
326,2020-03-02,Victoria,40,16.129032258064516,2,9
327,2020-03-02,Western Australia,40,33.333333333333336,0,2
328,2020-03-03,Australian Capital Territory,41,0.0,0,0
329,2020-03-03,New South Wales,41,27.272727272727277,7,13
330,2020-03-03,Northern Territory,41,0.0,0,0
331,2020-03-03,Queensland,41,13.953488372093023,2,11
332,2020-03-03,South Australia,41,7.142857142857144,0,3
333,2020-03-03,Tasmania,41,50.0,0,1
334,2020-03-03,Victoria,41,13.88888888888889,0,9
335,2020-03-03,Western Australia,41,25.0,0,2
336,2020-03-04,Australian Capital Territory,42,0.0,0,0
337,2020-03-04,New South Wales,42,35.294117647058826,9,22
338,2020-03-04,Northern Territory,42,100.0,1,1
339,2020-03-04,Queensland,42,12.244897959183671,0,11
340,2020-03-04,South Australia,42,17.647058823529413,2,5
341,2020-03-04,Tasmania,42,33.333333333333336,0,1
342,2020-03-04,Victoria,42,14.285714285714285,1,10
343,2020-03-04,Western Australia,42,20.0,0,2
344,2020-03-05,Australian Capital Territory,43,0.0,0,0
345,2020-03-05,New South Wales,43,26.08695652173913,0,22
346,2020-03-05,Northern Territory,43,50.0,0,1
347,2020-03-05,Queensland,43,7.547169811320756,2,13
348,2020-03-05,South Australia,43,10.526315789473685,0,5
349,2020-03-05,Tasmania,43,25.0,0,1
350,2020-03-05,Victoria,43,6.666666666666667,0,10
351,2020-03-05,Western Australia,43,9.090909090909092,1,3
352,2020-03-06,Australian Capital Territory,44,0.0,0,0
353,2020-03-06,New South Wales,44,22.47191011235955,4,26
354,2020-03-06,Northern Territory,44,0.0,-1,0
355,2020-03-06,Queensland,44,7.017543859649122,0,13
356,2020-03-06,South Australia,44,17.39130434782609,2,7
357,2020-03-06,Tasmania,44,20.0,0,1
358,2020-03-06,Victoria,44,6.25,0,10
359,2020-03-06,Western Australia,44,8.333333333333334,0,3
360,2020-03-07,Australian Capital Territory,45,0.0,0,0
361,2020-03-07,New South Wales,45,19.819819819819823,2,28
362,2020-03-07,Northern Territory,45,0.0,0,0
363,2020-03-07,Queensland,45,6.557377049180328,0,13
364,2020-03-07,South Australia,45,14.814814814814813,0,7
365,2020-03-07,Tasmania,45,0.0,0,1
366,2020-03-07,Victoria,45,4.0,1,11
367,2020-03-07,Western Australia,45,7.6923076923076925,0,3
368,2020-03-08,Australian Capital Territory,46,0.0,0,0
369,2020-03-08,New South Wales,46,18.38235294117647,10,38
370,2020-03-08,Northern Territory,46,0.0,0,0
371,2020-03-08,Queensland,46,6.153846153846154,2,15
372,2020-03-08,South Australia,46,12.903225806451612,0,7
373,2020-03-08,Tasmania,46,16.666666666666668,1,2
374,2020-03-08,Victoria,46,3.8461538461538463,0,11
375,2020-03-08,Western Australia,46,7.142857142857144,0,3
376,2020-03-09,Australian Capital Territory,47,0.0,0,0
377,2020-03-09,New South Wales,47,16.049382716049383,10,48
378,2020-03-09,Northern Territory,47,-100.0,0,0
379,2020-03-09,Queensland,47,5.797101449275362,0,15
380,2020-03-09,South Australia,47,6.060606060606061,0,7
381,2020-03-09,Tasmania,47,14.285714285714288,0,2
382,2020-03-09,Victoria,47,8.771929824561402,4,15
383,2020-03-09,Western Australia,47,12.5,1,4
384,2020-03-10,Australian Capital Territory,48,0.0,0,0
385,2020-03-10,New South Wales,48,16.92307692307692,7,55
386,2020-03-10,Northern Territory,48,0.0,1,1
387,2020-03-10,Queensland,48,6.756756756756756,3,18
388,2020-03-10,South Australia,48,5.714285714285714,0,7
389,2020-03-10,Tasmania,48,12.5,0,2
390,2020-03-10,Victoria,48,12.307692307692308,3,18
391,2020-03-10,Western Australia,48,15.789473684210526,2,6
392,2020-03-11,Australian Capital Territory,49,0.0,0,0
393,2020-03-11,New South Wales,49,16.666666666666668,10,65
394,2020-03-11,Northern Territory,49,50.0,0,1
395,2020-03-11,Queensland,49,8.641975308641975,2,20
396,2020-03-11,South Australia,49,5.405405405405405,2,9
397,2020-03-11,Tasmania,49,20.0,1,3
398,2020-03-11,Victoria,49,14.473684210526317,3,21
399,2020-03-11,Western Australia,49,24.0,3,9
400,2020-03-12,Australian Capital Territory,50,0.0,0,0
401,2020-03-12,New South Wales,50,13.653136531365314,0,65
402,2020-03-12,Northern Territory,50,33.333333333333336,0,1
403,2020-03-12,Queensland,50,7.954545454545453,0,20
404,2020-03-12,South Australia,50,5.128205128205129,0,9
405,2020-03-12,Tasmania,50,16.666666666666668,0,3
406,2020-03-12,Victoria,50,11.627906976744185,0,21
407,2020-03-12,Western Australia,50,19.35483870967742,0,9
408,2020-03-13,Australian Capital Territory,51,100.0,1,1
409,2020-03-13,New South Wales,51,16.615384615384617,27,92
410,2020-03-13,Northern Territory,51,25.0,0,1
411,2020-03-13,Queensland,51,18.51851851851852,15,35
412,2020-03-13,South Australia,51,18.75,7,16
413,2020-03-13,Tasmania,51,20.0,2,5
414,2020-03-13,Victoria,51,22.52252252252252,15,36
415,2020-03-13,Western Australia,51,26.190476190476193,5,14
416,2020-03-14,Australian Capital Territory,52,50.0,0,1
417,2020-03-14,New South Wales,52,16.452442159383036,20,112
418,2020-03-14,Northern Territory,52,20.0,0,1
419,2020-03-14,Queensland,52,22.302158273381295,11,46
420,2020-03-14,South Australia,52,20.0,3,19
421,2020-03-14,Tasmania,52,16.666666666666664,0,5
422,2020-03-14,Victoria,52,23.448275862068964,13,49
423,2020-03-14,Western Australia,52,23.636363636363637,3,17
424,2020-03-15,Australian Capital Territory,53,33.333333333333336,0,1
425,2020-03-15,New South Wales,53,16.88034188034188,22,134
426,2020-03-15,Northern Territory,53,0.0,0,1
427,2020-03-15,Queensland,53,23.626373626373624,15,61
428,2020-03-15,South Australia,53,17.808219178082194,1,20
429,2020-03-15,Tasmania,53,18.181818181818183,1,6
430,2020-03-15,Victoria,53,21.195652173913047,8,57
431,2020-03-15,Western Australia,53,16.666666666666668,0,17
432,2020-03-16,Australian Capital Territory,54,40.0,1,2
433,2020-03-16,New South Wales,54,18.466898954703833,37,171
434,2020-03-16,Northern Territory,54,0.0,0,1
435,2020-03-16,Queensland,54,20.869565217391305,7,68
436,2020-03-16,South Australia,54,21.50537634408602,9,29
437,2020-03-16,Tasmania,54,15.384615384615385,1,7
438,2020-03-16,Victoria,54,21.36752136752137,14,71
439,2020-03-16,Western Australia,54,22.352941176470587,11,28
440,2020-03-17,Australian Capital Territory,55,28.571428571428577,0,2
441,2020-03-17,New South Wales,55,20.166898470097355,39,210
442,2020-03-17,Northern Territory,55,0.0,0,1
443,2020-03-17,Queensland,55,20.138888888888886,10,78
444,2020-03-17,South Australia,55,17.699115044247787,0,29
445,2020-03-17,Tasmania,55,13.333333333333334,0,7
446,2020-03-17,Victoria,55,23.778501628664493,23,94
447,2020-03-17,Western Australia,55,20.560747663551403,3,31
448,2020-03-18,Australian Capital Territory,56,22.222222222222225,1,3
449,2020-03-18,New South Wales,56,19.574944071588366,57,267
450,2020-03-18,Northern Territory,56,0.0,0,1
451,2020-03-18,Queensland,56,17.0028818443804,16,94
452,2020-03-18,South Australia,56,15.671641791044777,8,37
453,2020-03-18,Tasmania,56,14.285714285714285,3,10
454,2020-03-18,Victoria,56,21.683673469387756,27,121
455,2020-03-18,Western Australia,56,16.40625,4,35
456,2020-03-19,Australian Capital Territory,57,25.0,1,4
457,2020-03-19,New South Wales,57,17.90633608815427,40,307
458,2020-03-19,Northern Territory,57,0.0,0,1
459,2020-03-19,Queensland,57,22.022471910112362,50,144
460,2020-03-19,South Australia,57,14.64968152866242,5,42
461,2020-03-19,Tasmania,57,12.5,0,10
462,2020-03-19,Victoria,57,15.517241379310345,0,121
463,2020-03-19,Western Australia,57,21.47239263803681,17,52
464,2020-03-20,Australian Capital Territory,58,29.411764705882355,2,6
465,2020-03-20,New South Wales,58,16.743119266055043,46,353
466,2020-03-20,Northern Territory,58,28.571428571428577,2,3
467,2020-03-20,Queensland,58,21.65492957746479,40,184
468,2020-03-20,South Australia,58,16.0427807486631,8,50
469,2020-03-20,Tasmania,58,9.090909090909092,0,10
470,2020-03-20,Victoria,58,12.121212121212123,0,121
471,2020-03-20,Western Australia,58,22.380952380952383,12,64
472,2020-03-21,Australian Capital Territory,59,29.166666666666668,3,9
473,2020-03-21,New South Wales,59,16.846789574062303,83,436
474,2020-03-21,Northern Territory,59,22.222222222222225,0,3
475,2020-03-21,Queensland,59,21.220527045769767,37,221
476,2020-03-21,South Australia,59,16.88888888888889,17,67
477,2020-03-21,Tasmania,59,16.9811320754717,6,16
478,2020-03-21,Victoria,59,23.032069970845484,108,229
479,2020-03-21,Western Australia,59,22.794117647058826,26,90
480,2020-03-22,Australian Capital Territory,60,41.463414634146346,10,19
481,2020-03-22,New South Wales,60,22.588582677165356,233,669
482,2020-03-22,Northern Territory,60,30.76923076923077,2,5
483,2020-03-22,Queensland,60,20.066518847006655,38,259
484,2020-03-22,South Australia,60,23.986486486486484,33,100
485,2020-03-22,Tasmania,60,22.058823529411764,6,22
486,2020-03-22,Victoria,60,27.560718057022175,126,355
487,2020-03-22,Western Australia,60,24.653739612188367,30,120
488,2020-03-23,Australian Capital Territory,61,41.42857142857142,13,32
489,2020-03-23,New South Wales,61,16.516023007395237,0,669
490,2020-03-23,Northern Territory,61,23.529411764705884,0,5
491,2020-03-23,Queensland,61,19.964507542147295,60,319
492,2020-03-23,South Australia,61,24.681933842239186,34,134
493,2020-03-23,Tasmania,61,20.930232558139537,6,28
494,2020-03-23,Victoria,61,19.813717188823034,0,355
495,2020-03-23,Western Australia,61,22.532188841201716,20,140
496,2020-03-24,Australian Capital Territory,62,33.33333333333333,7,39
497,2020-03-24,New South Wales,62,17.351443123938882,149,818
498,2020-03-24,Northern Territory,62,22.727272727272727,1,6
499,2020-03-24,Queensland,62,18.333333333333336,78,397
500,2020-03-24,South Australia,62,24.568138195777355,36,170
501,2020-03-24,Tasmania,62,17.307692307692307,0,28
502,2020-03-24,Victoria,62,19.714479945615228,56,411
503,2020-03-24,Western Australia,62,20.882852292020377,35,175
504,2020-03-25,Australian Capital Territory,63,23.913043478260867,0,39
505,2020-03-25,New South Wales,63,18.668876001104664,211,1029
506,2020-03-25,Northern Territory,63,12.0,0,6
507,2020-03-25,Queensland,63,15.802318486882244,46,443
508,2020-03-25,South Australia,63,18.720748829953198,0,170
509,2020-03-25,Tasmania,63,20.0,8,36
510,2020-03-25,Victoria,63,18.997797356828194,55,466
511,2020-03-25,Western Australia,63,15.857142857142856,0,175
512,2020-03-26,Australian Capital Territory,64,24.17582417582418,14,53
513,2020-03-26,New South Wales,64,17.77929155313352,190,1219
514,2020-03-26,Northern Territory,64,26.47058823529412,6,12
515,2020-03-26,Queensland,64,14.23338566195709,50,493
516,2020-03-26,South Australia,64,20.7663782447466,65,235
517,2020-03-26,Tasmania,64,19.254658385093165,11,47
518,2020-03-26,Victoria,64,13.811105837683913,54,520
519,2020-03-26,Western Australia,64,16.765755053507732,56,231
520,2020-03-27,Australian Capital Territory,65,19.11111111111111,9,62
521,2020-03-27,New South Wales,65,14.319066147859921,186,1405
522,2020-03-27,Northern Territory,65,17.073170731707318,0,12
523,2020-03-27,Queensland,65,13.411871318531945,62,555
524,2020-03-27,South Australia,65,16.252587991718425,22,257
525,2020-03-27,Tasmania,65,13.440860215053762,0,47
526,2020-03-27,Victoria,65,9.41530524505589,54,574
527,2020-03-27,Western Australia,65,11.659663865546218,0,231
528,2020-03-28,Australian Capital Territory,66,14.772727272727273,9,71
529,2020-03-28,New South Wales,66,15.57161629434954,212,1617
530,2020-03-28,Northern Territory,66,19.607843137254903,3,15
531,2020-03-28,Queensland,66,12.176681257461201,70,625
532,2020-03-28,South Australia,66,13.672922252010725,30,287
533,2020-03-28,Tasmania,66,15.454545454545453,15,62
534,2020-03-28,Victoria,66,12.424698795180722,111,685
535,2020-03-28,Western Australia,66,12.660550458715598,47,278
536,2020-03-29,Australian Capital Territory,67,12.582781456953644,6,77
537,2020-03-29,New South Wales,67,13.779917858660246,174,1791
538,2020-03-29,Northern Territory,67,15.0,0,15
539,2020-03-29,Queensland,67,9.343434343434344,31,656
540,2020-03-29,South Australia,67,10.336538461538462,12,299
541,2020-03-29,Tasmania,67,14.728682170542633,4,66
542,2020-03-29,Victoria,67,11.877903118779031,84,769
543,2020-03-29,Western Australia,67,11.092985318107667,33,311
544,2020-03-30,Australian Capital Territory,68,11.436950146627565,1,78
545,2020-03-30,New South Wales,68,12.437996031746032,241,2032
546,2020-03-30,Northern Territory,68,13.043478260869565,0,15
547,2020-03-30,Queensland,68,8.151093439363818,33,689
548,2020-03-30,South Australia,68,9.761388286334055,6,305
549,2020-03-30,Tasmania,68,10.416666666666666,0,66
550,2020-03-30,Victoria,68,10.537251409913921,52,821
551,2020-03-30,Western Australia,68,12.802275960170698,44,355
552,2020-03-31,Australian Capital Territory,69,7.336956521739131,2,80
553,2020-03-31,New South Wales,69,9.158499493071982,0,2032
554,2020-03-31,Northern Territory,69,6.756756756756756,2,17
555,2020-03-31,Queensland,69,7.649938800489596,54,743
556,2020-03-31,South Australia,69,6.8686868686868685,32,337
557,2020-03-31,Tasmania,69,7.096774193548387,3,69
558,2020-03-31,Victoria,69,10.541688794476899,96,917
559,2020-03-31,Western Australia,69,8.641975308641975,9,364
560,2020-04-01,Australian Capital Territory,70,5.641025641025641,4,84
561,2020-04-01,New South Wales,70,8.048477315102549,150,2182
562,2020-04-01,Northern Territory,70,8.641975308641975,2,19
563,2020-04-01,Queensland,70,6.468231253577563,38,781
564,2020-04-01,South Australia,70,6.896551724137931,30,367
565,2020-04-01,Tasmania,70,6.626506024096386,0,69
566,2020-04-01,Victoria,70,9.471153846153847,51,968
567,2020-04-01,Western Australia,70,9.470588235294118,28,392
568,2020-04-02,Australian Capital Territory,71,3.9408866995073892,3,87
569,2020-04-02,New South Wales,71,6.589259796806966,116,2298
570,2020-04-02,Northern Territory,71,6.896551724137931,2,21
571,2020-04-02,Queensland,71,5.669546436285097,54,835
572,2020-04-02,South Australia,71,4.776119402985075,0,367
573,2020-04-02,Tasmania,71,2.923976608187134,3,72
574,2020-04-02,Victoria,71,7.780979827089338,68,1036
575,2020-04-02,Western Australia,71,6.695938529088913,8,400
576,2020-04-03,Australian Capital Territory,72,3.3333333333333335,4,91
577,2020-04-03,New South Wales,72,5.469678953626635,91,2389
578,2020-04-03,Northern Territory,72,7.446808510638298,1,22
579,2020-04-03,Queensland,72,5.534302473858709,38,873
580,2020-04-03,South Australia,72,5.474040632054176,29,396
581,2020-04-03,Tasmania,72,2.2857142857142856,2,74
582,2020-04-03,Victoria,72,6.54650921897659,49,1085
583,2020-04-03,Western Australia,72,4.657247514390372,0,400
584,2020-04-04,Australian Capital Territory,73,3.4482758620689653,2,93
585,2020-04-04,New South Wales,73,4.045989117079165,104,2493
586,2020-04-04,Northern Territory,73,10.476190476190476,4,26
587,2020-04-04,Queensland,73,5.106485963213941,27,900
588,2020-04-04,South Australia,73,5.44290288153682,11,407
589,2020-04-04,Tasmania,73,3.8461538461538463,6,80
590,2020-04-04,Victoria,73,5.741066198008201,30,1115
591,2020-04-04,Western Australia,73,4.066265060240964,36,436
592,2020-04-05,Australian Capital Territory,74,3.5476718403547673,3,96
593,2020-04-05,New South Wales,74,4.588846089432256,87,2580
594,2020-04-05,Northern Territory,74,8.695652173913043,1,27
595,2020-04-05,Queensland,74,3.8175046554934817,7,907
596,2020-04-05,South Australia,74,3.6008230452674894,0,407
597,2020-04-05,Tasmania,74,3.4482758620689653,2,82
598,2020-04-05,Victoria,74,4.083161640756696,20,1135
599,2020-04-05,Western Australia,74,4.276790004805382,17,453
600,2020-04-06,Australian Capital Territory,75,2.591792656587473,0,96
601,2020-04-06,New South Wales,75,3.6702428006775834,57,2637
602,2020-04-06,Northern Territory,75,7.258064516129033,1,28
603,2020-04-06,Queensland,75,3.1559963931469794,14,921
604,2020-04-06,South Australia,75,2.2132796780684103,4,411
605,2020-04-06,Tasmania,75,4.314720812182741,4,86
606,2020-04-06,Victoria,75,3.436426116838488,23,1158
607,2020-04-06,Western Australia,75,3.1642624476500694,7,460
608,2020-04-07,Australian Capital Territory,76,1.906779661016949,0,96
609,2020-04-07,New South Wales,76,3.034806413766132,49,2686
610,2020-04-07,Northern Territory,76,5.343511450381679,0,28
611,2020-04-07,Queensland,76,2.183020948180816,13,934
612,2020-04-07,South Australia,76,2.1653543307086616,0,411
613,2020-04-07,Tasmania,76,4.13625304136253,3,89
614,2020-04-07,Victoria,76,2.7269528501055595,33,1191
615,2020-04-07,Western Australia,76,2.7161611588954275,0,460
616,2020-04-08,Australian Capital Territory,77,1.6666666666666667,3,99
617,2020-04-08,New South Wales,77,2.6275704493526275,48,2734
618,2020-04-08,Northern Territory,77,4.37956204379562,0,28
619,2020-04-08,Queensland,77,1.520086862106406,9,943
620,2020-04-08,South Australia,77,0.9263773768893223,4,415
621,2020-04-08,Tasmania,77,5.517241379310345,9,98
622,2020-04-08,Victoria,77,2.185510239201514,21,1212
623,2020-04-08,Western Australia,77,3.5371179039301306,21,481
624,2020-04-09,Australian Capital Territory,78,1.437371663244353,1,100
625,2020-04-09,New South Wales,78,2.087994034302759,39,2773
626,2020-04-09,Northern Territory,78,1.4388489208633095,0,28
627,2020-04-09,Queensland,78,1.137827393731215,10,953
628,2020-04-09,South Australia,78,0.6298449612403101,5,420
629,2020-04-09,Tasmania,78,6.652360515021459,13,111
630,2020-04-09,Victoria,78,1.9074949358541526,16,1228
631,2020-04-09,Western Australia,78,2.511707109408259,14,495
632,2020-04-10,Australian Capital Territory,79,1.417004048582996,3,103
633,2020-04-10,New South Wales,79,1.7726340462935832,49,2822
634,2020-04-10,Northern Territory,79,0.7142857142857143,0,28
635,2020-04-10,Queensland,79,1.2298558100084818,12,965
636,2020-04-10,South Australia,79,1.0071942446043167,8,428
637,2020-04-10,Tasmania,79,7.905138339920949,11,122
638,2020-04-10,Victoria,79,1.7578772802653397,13,1241
639,2020-04-10,Western Australia,79,2.206494587843464,11,506
640,2020-04-11,Australian Capital Territory,80,1.3972055888223551,0,103
641,2020-04-11,New South Wales,80,1.5859284890426757,35,2857
642,2020-04-11,Northern Territory,80,0.0,0,28
643,2020-04-11,Queensland,80,1.1113440972950304,9,974
644,2020-04-11,South Australia,80,0.8559201141226819,1,429
645,2020-04-11,Tasmania,80,8.499095840867993,11,133
646,2020-04-11,Victoria,80,1.7435228939221115,24,1265
647,2020-04-11,Western Australia,80,2.198697068403909,8,514
648,2020-04-12,Australian Capital Territory,81,1.3779527559055118,0,103
649,2020-04-12,New South Wales,81,1.217688528092288,0,2857
650,2020-04-12,Northern Territory,81,0.0,0,28
651,2020-04-12,Queensland,81,1.0170195101701953,9,983
652,2020-04-12,South Australia,81,0.8486562942008486,0,429
653,2020-04-12,Tasmania,81,7.370184254606365,0,133
654,2020-04-12,Victoria,81,1.239137431606051,3,1268
655,2020-04-12,Western Australia,81,2.1513944223107573,0,514
656,2020-04-13,Australian Capital Territory,82,0.5870841487279843,-1,102
657,2020-04-13,New South Wales,82,0.9102455546147333,6,2863
658,2020-04-13,Northern Territory,82,0.0,0,28
659,2020-04-13,Queensland,82,0.904977375565611,4,987
660,2020-04-13,South Australia,82,0.6557377049180327,0,429
661,2020-04-13,Tasmania,82,7.153965785381026,11,144
662,2020-04-13,Victoria,82,1.098201496100589,13,1281
663,2020-04-13,Western Australia,82,1.4139827179890023,3,517
664,2020-04-14,Australian Capital Territory,83,0.5836575875486382,1,103
665,2020-04-14,New South Wales,83,0.6797953605718691,7,2870
666,2020-04-14,Northern Territory,83,0.0,0,28
667,2020-04-14,Queensland,83,0.9170572651314448,11,998
668,2020-04-14,South Australia,83,0.6052141527001862,4,433
669,2020-04-14,Tasmania,83,7.747489239598279,21,165
670,2020-04-14,Victoria,83,0.9927513394264103,10,1291
671,2020-04-14,Western Australia,83,1.2412723041117144,10,527
672,2020-04-15,Australian Capital Territory,84,0.0,0,103
673,2020-04-15,New South Wales,84,0.44652201213981724,16,2886
674,2020-04-15,Northern Territory,84,0.0,0,28
675,2020-04-15,Queensland,84,0.6881198138028738,1,999
676,2020-04-15,South Australia,84,0.2322340919647004,0,433
677,2020-04-15,Tasmania,84,5.8108108108108105,0,165
678,2020-04-15,Victoria,84,0.905683947532792,8,1299
679,2020-04-15,Western Australia,84,0.8080030781069644,0,527
680,2020-04-16,Australian Capital Territory,85,0.0,0,103
681,2020-04-16,New South Wales,85,0.27829958950810546,11,2897
682,2020-04-16,Northern Territory,85,0.0,0,28
683,2020-04-16,Queensland,85,0.5434782608695652,2,1001
684,2020-04-16,South Australia,85,0.1854427445526194,0,433
685,2020-04-16,Tasmania,85,4.639175257731959,4,169
686,2020-04-16,Victoria,85,0.5281143212177695,0,1299
687,2020-04-16,Western Australia,85,0.6878104700038212,5,532
688,2020-04-17,Australian Capital Territory,86,0.0,0,103
689,2020-04-17,New South Wales,86,0.47777316161196515,29,2926
690,2020-04-17,Northern Territory,86,0.0,0,28
691,2020-04-17,Queensland,86,0.4807692307692308,6,1007
692,2020-04-17,South Australia,86,0.27739251040221913,2,435
693,2020-04-17,Tasmania,86,5.710814094775213,11,180
694,2020-04-17,Victoria,86,0.5253399258343634,3,1302
695,2020-04-17,Western Australia,86,1.021180030257186,9,541
696,2020-04-18,Australian Capital Territory,87,0.19417475728155342,0,103
697,2020-04-18,New South Wales,87,0.5029280055115398,10,2936
698,2020-04-18,Northern Territory,87,0.0,0,28
699,2020-04-18,Queensland,87,0.5577689243027888,8,1015
700,2020-04-18,South Australia,87,0.276625172890733,0,435
701,2020-04-18,Tasmania,87,5.074971164936564,8,188
702,2020-04-18,Victoria,87,0.5837173579109063,17,1319
703,2020-04-18,Western Australia,87,1.0108573567952077,3,544
704,2020-04-19,Australian Capital Territory,88,0.0,0,103
705,2020-04-19,New South Wales,88,0.595808793315984,21,2957
706,2020-04-19,Northern Territory,88,0.0,0,28
707,2020-04-19,Queensland,88,0.41658401110890697,4,1019
708,2020-04-19,South Australia,88,0.09212344541685859,0,435
709,2020-04-19,Tasmania,88,3.3444816053511706,7,195
710,2020-04-19,Victoria,88,0.565144340919505,9,1328
711,2020-04-19,Western Australia,88,0.669393826701376,1,545
712,2020-04-20,Australian Capital Territory,89,0.1937984496124031,1,104
713,2020-04-20,New South Wales,89,0.524558893657606,6,2963
714,2020-04-20,Northern Territory,89,0.0,0,28
715,2020-04-20,Queensland,89,0.3951788184153329,0,1019
716,2020-04-20,South Australia,89,0.09203865623561897,0,435
717,2020-04-20,Tasmania,89,3.7553648068669525,5,200
718,2020-04-20,Victoria,89,0.4561350159647255,1,1329
719,2020-04-20,Western Australia,89,0.6649427410417437,0,545
720,2020-04-21,Australian Capital Territory,90,0.19342359767891684,0,104
721,2020-04-21,New South Wales,90,0.48810250152532036,6,2969
722,2020-04-21,Northern Territory,90,0.0,0,28
723,2020-04-21,Queensland,90,0.45239968528717545,5,1024
724,2020-04-21,South Australia,90,0.18373909049150208,2,437
725,2020-04-21,Tasmania,90,3.319502074688797,1,201
726,2020-04-21,Victoria,90,0.5594194133655882,7,1336
727,2020-04-21,Western Australia,90,0.5145167217934582,1,546
728,2020-04-22,Australian Capital Territory,91,0.19305019305019308,0,104
729,2020-04-22,New South Wales,91,0.30413625304136255,2,2971
730,2020-04-22,Northern Territory,91,0.0,0,28
731,2020-04-22,Queensland,91,0.3332679866692805,0,1024
732,2020-04-22,South Australia,91,0.13761467889908255,1,438
733,2020-04-22,Tasmania,91,2.5278058645096055,4,205
734,2020-04-22,Victoria,91,0.5114320096269556,0,1336
735,2020-04-22,Western Australia,91,0.18341892883345562,0,546
736,2020-04-23,Australian Capital Territory,92,0.19267822736030832,0,104
737,2020-04-23,New South Wales,92,0.26961445133459155,5,2976
738,2020-04-23,Northern Territory,92,0.0,0,28
739,2020-04-23,Queensland,92,0.2151799687010955,2,1026
740,2020-04-23,South Australia,92,0.1374255611543747,0,438
741,2020-04-23,Tasmania,92,1.8849206349206349,2,207
742,2020-04-23,Victoria,92,0.27002700270027,1,1337
743,2020-04-23,Western Australia,92,0.07331378299120235,0,546
744,2020-04-24,Australian Capital Territory,93,0.38387715930902117,1,105
745,2020-04-24,New South Wales,93,0.1682255568265931,6,2982
746,2020-04-24,Northern Territory,93,0.0,0,28
747,2020-04-24,Queensland,93,0.1367454580972846,0,1026
748,2020-04-24,South Australia,93,0.1372369624885636,0,438
749,2020-04-24,Tasmania,93,1.1764705882352942,0,207
750,2020-04-24,Victoria,93,0.22451728783116298,6,1343
751,2020-04-24,Western Australia,93,0.10984987184181619,2,548
752,2020-04-25,Australian Capital Territory,94,0.38240917782026773,1,106
753,2020-04-25,New South Wales,94,0.2081654579640075,12,2994
754,2020-04-25,Northern Territory,94,0.0,0,28
755,2020-04-25,Queensland,94,0.13655872024970736,0,1026
756,2020-04-25,South Australia,94,0.1370488807674737,0,438
757,2020-04-25,Tasmania,94,0.6815968841285296,0,207
758,2020-04-25,Victoria,94,0.2538071065989848,3,1346
759,2020-04-25,Western Australia,94,0.14625228519195613,1,549
760,2020-04-26,Australian Capital Territory,95,0.38095238095238093,0,106
761,2020-04-26,New South Wales,95,0.22110552763819094,8,3002
762,2020-04-26,Northern Territory,95,0.0,0,28
763,2020-04-26,Queensland,95,0.11691348402182383,4,1030
764,2020-04-26,South Australia,95,0.04566210045662101,0,438
765,2020-04-26,Tasmania,95,1.0597302504816957,5,212
766,2020-04-26,Victoria,95,0.19371181642080165,3,1349
767,2020-04-26,Western Australia,95,0.1095690284879474,0,549
768,2020-04-27,Australian Capital Territory,96,0.3795066413662239,0,106
769,2020-04-27,New South Wales,96,0.2206177296430004,2,3004
770,2020-04-27,Northern Territory,96,0.0,0,28
771,2020-04-27,Queensland,96,0.17506321727290408,3,1033
772,2020-04-27,South Australia,96,0.0,0,438
773,2020-04-27,Tasmania,96,0.8595988538681949,2,214
774,2020-04-27,Victoria,96,0.19333729922665083,0,1349
775,2020-04-27,Western Australia,96,0.10944910616563297,0,549
776,2020-04-28,Australian Capital Territory,97,0.3780718336483932,0,106
777,2020-04-28,New South Wales,97,0.26670222696359513,12,3016
778,2020-04-28,Northern Territory,97,0.0,0,28
779,2020-04-28,Queensland,97,0.1553699747523791,1,1034
780,2020-04-28,South Australia,97,0.0,0,438
781,2020-04-28,Tasmania,97,1.0396975425330812,4,218
782,2020-04-28,Victoria,97,0.2521881026553924,5,1354
783,2020-04-28,Western Australia,97,0.14571948998178508,1,550
784,2020-04-29,Australian Capital Territory,98,0.18867924528301888,0,106
785,2020-04-29,New South Wales,98,0.22618414050026608,0,3016
786,2020-04-29,Northern Territory,98,0.0,0,28
787,2020-04-29,Queensland,98,0.13576415826221877,-1,1033
788,2020-04-29,South Australia,98,0.0,0,438
789,2020-04-29,Tasmania,98,1.1214953271028036,1,219
790,2020-04-29,Victoria,98,0.2663115845539281,7,1361
791,2020-04-29,Western Australia,98,0.10917030567685589,1,551
792,2020-04-30,Australian Capital Territory,99,0.0,0,106
793,2020-04-30,New South Wales,99,0.2058022970191861,9,3025
794,2020-04-30,Northern Territory,99,0.0,0,28
795,2020-04-30,Queensland,99,0.1355800890954871,0,1033
796,2020-04-30,South Australia,99,0.0,0,438
797,2020-04-30,Tasmania,99,1.2915129151291511,2,221
798,2020-04-30,Victoria,99,0.2656042496679947,3,1364
799,2020-04-30,Western Australia,99,0.07272727272727274,0,551
800,2020-05-01,Australian Capital Territory,100,0.0,0,106
801,2020-05-01,New South Wales,100,0.18554105095752435,5,3030
802,2020-05-01,Northern Territory,100,-0.7194244604316548,-1,27
803,2020-05-01,Queensland,100,0.0774143603638475,1,1034
804,2020-05-01,South Australia,100,0.0,0,438
805,2020-05-01,Tasmania,100,0.8234217749313816,0,221
806,2020-05-01,Victoria,100,0.3235769966171496,7,1371
807,2020-05-01,Western Australia,100,0.07267441860465117,0,551
808,2020-05-02,Australian Capital Territory,101,0.0,0,106
809,2020-05-02,New South Wales,101,0.2049993387118106,5,3035
810,2020-05-02,Northern Territory,101,0.7142857142857143,2,29
811,2020-05-02,Queensland,101,0.03869220352099052,1,1035
812,2020-05-02,South Australia,101,0.0,0,438
813,2020-05-02,Tasmania,101,0.6363636363636362,0,221
814,2020-05-02,Victoria,101,0.5121451565700907,13,1384
815,2020-05-02,Western Australia,101,0.07262164124909223,0,551
816,2020-05-03,Australian Capital Territory,102,0.0,0,106
817,2020-05-03,New South Wales,102,0.11229275381465088,-2,3033
818,2020-05-03,Northern Territory,102,0.7092198581560284,0,29
819,2020-05-03,Queensland,102,0.07732456988208003,3,1038
820,2020-05-03,South Australia,102,0.0,0,438
821,2020-05-03,Tasmania,102,0.271985494106981,0,221
822,2020-05-03,Victoria,102,0.7551553877432472,22,1406
823,2020-05-03,Western Australia,102,0.036297640653357534,0,551
824,2020-05-04,Australian Capital Territory,103,0.18832391713747648,1,107
825,2020-05-04,New South Wales,103,0.1253463517614461,2,3035
826,2020-05-04,Northern Territory,103,0.7042253521126761,0,29
827,2020-05-04,Queensland,103,0.1929384526336099,5,1043
828,2020-05-04,South Australia,103,0.0,0,438
829,2020-05-04,Tasmania,103,0.18099547511312217,0,221
830,2020-05-04,Victoria,103,0.892343120322395,17,1423
831,2020-05-04,Western Australia,103,0.0,0,551
832,2020-05-05,Australian Capital Territory,104,0.18796992481203006,0,107
833,2020-05-05,New South Wales,104,0.11202635914332784,7,3042
834,2020-05-05,Northern Territory,104,0.6993006993006993,0,29
835,2020-05-05,Queensland,104,0.1925669170036588,0,1043
836,2020-05-05,South Australia,104,0.0,0,438
837,2020-05-05,Tasmania,104,0.36068530207394045,4,225
838,2020-05-05,Victoria,104,1.082004555808656,17,1440
839,2020-05-05,Western Australia,104,0.0,0,551
840,2020-05-06,Australian Capital Territory,105,0.1876172607879925,0,107
841,2020-05-06,New South Wales,105,0.09217196655474355,2,3044
842,2020-05-06,Northern Territory,105,1.3793103448275863,0,29
843,2020-05-06,Queensland,105,0.21137586471944658,2,1045
844,2020-05-06,South Australia,105,0.0,0,438
845,2020-05-06,Tasmania,105,0.4488330341113106,1,226
846,2020-05-06,Victoria,105,1.1678626706064443,14,1454
847,2020-05-06,Western Australia,105,0.0,0,551
848,2020-05-07,Australian Capital Territory,106,0.18726591760299627,0,107
849,2020-05-07,New South Wales,106,0.07894217485691732,3,3047
850,2020-05-07,Northern Territory,106,0.0,0,29
851,2020-05-07,Queensland,106,0.19179133103183738,0,1045
852,2020-05-07,South Australia,106,0.04564125969876769,1,439
853,2020-05-07,Tasmania,106,0.5357142857142857,1,227
854,2020-05-07,Victoria,106,1.1543810848400557,13,1467
855,2020-05-07,Western Australia,106,0.036284470246734396,1,552
856,2020-05-08,Australian Capital Territory,107,0.1869158878504673,0,107
857,2020-05-08,New South Wales,107,0.11827321111768183,4,3051
858,2020-05-08,Northern Territory,107,0.0,0,29
859,2020-05-08,Queensland,107,0.13407393219689714,0,1045
860,2020-05-08,South Australia,107,0.045620437956204386,0,439
861,2020-05-08,Tasmania,107,0.5328596802841918,0,227
862,2020-05-08,Victoria,107,0.8549365692222834,1,1468
863,2020-05-08,Western Australia,107,0.03627130939426914,0,552
864,2020-05-09,Australian Capital Territory,108,0.0,0,107
865,2020-05-09,New South Wales,108,0.11813349084465447,2,3053
866,2020-05-09,Northern Territory,108,0.0,0,29
867,2020-05-09,Queensland,108,0.0382921692513881,0,1045
868,2020-05-09,South Australia,108,0.045599635202918376,0,439
869,2020-05-09,Tasmania,108,0.5300353356890459,0,227
870,2020-05-09,Victoria,108,0.8747949699289228,19,1487
871,2020-05-09,Western Australia,108,0.03625815808556925,0,552
872,2020-05-10,Australian Capital Territory,109,0.0,0,107
873,2020-05-10,New South Wales,109,0.07214060860440714,0,3053
874,2020-05-10,Northern Territory,109,0.0,0,29
875,2020-05-10,Queensland,109,0.03827751196172249,0,1045
876,2020-05-10,South Australia,109,0.04557885141294439,0,439
877,2020-05-10,Tasmania,109,0.1763668430335097,0,227
878,2020-05-10,Victoria,109,0.7596310363537709,9,1496
879,2020-05-10,Western Australia,109,0.036245016310257346,0,552
880,2020-05-11,Australian Capital Territory,110,0.0,0,107
881,2020-05-11,New South Wales,110,0.05898931637936685,0,3053
882,2020-05-11,Northern Territory,110,0.0,0,29
883,2020-05-11,Queensland,110,0.11470082202255781,6,1051
884,2020-05-11,South Australia,110,0.04555808656036447,0,439
885,2020-05-11,Tasmania,110,0.0881057268722467,0,227
886,2020-05-11,Victoria,110,0.7672634271099744,15,1511
887,2020-05-11,Western Australia,110,0.07243752263672583,1,553
888,2020-05-12,Australian Capital Territory,111,0.0,0,107
889,2020-05-12,New South Wales,111,0.07859060842229354,6,3059
890,2020-05-12,Northern Territory,111,0.0,0,29
891,2020-05-12,Queensland,111,0.13363879343260787,1,1052
892,2020-05-12,South Australia,111,0.0,0,439
893,2020-05-12,Tasmania,111,0.0,0,227
894,2020-05-12,Victoria,111,0.6286784376672018,3,1514
895,2020-05-12,Western Australia,111,0.036205648081100654,0,553
896,2020-05-13,Australian Capital Territory,112,0.0,0,107
897,2020-05-13,New South Wales,112,0.07852889208821412,4,3063
898,2020-05-13,Northern Territory,112,0.0,0,29
899,2020-05-13,Queensland,112,0.11441647597254005,-1,1051
900,2020-05-13,South Australia,112,0.0,0,439
901,2020-05-13,Tasmania,112,0.0,0,227
902,2020-05-13,Victoria,112,0.7039447469783504,7,1521
903,2020-05-13,Western Australia,112,0.0,-1,552
904,2020-05-14,Australian Capital Territory,113,0.0,0,107
905,2020-05-14,New South Wales,113,0.11765474867638408,8,3071
906,2020-05-14,Northern Territory,113,0.0,0,29
907,2020-05-14,Queensland,113,0.17133066818960596,3,1054
908,2020-05-14,South Australia,113,0.0,0,439
909,2020-05-14,Tasmania,113,0.0,0,227
910,2020-05-14,Victoria,113,0.6990240042205222,19,1540
911,2020-05-14,Western Australia,113,0.0,0,552
912,2020-05-15,Australian Capital Territory,114,0.0,0,107
913,2020-05-15,New South Wales,114,0.13707571801566582,3,3074
914,2020-05-15,Northern Territory,114,0.0,0,29
915,2020-05-15,Queensland,114,0.19000570017100515,1,1055
916,2020-05-15,South Australia,114,0.0,0,439
917,2020-05-15,Tasmania,114,0.08802816901408451,1,228
918,2020-05-15,Victoria,114,0.7201780803980621,11,1551
919,2020-05-15,Western Australia,114,0.0,0,552
920,2020-05-16,Australian Capital Territory,115,0.0,0,107
921,2020-05-16,New South Wales,115,0.14339721027245472,1,3075
922,2020-05-16,Northern Territory,115,0.0,0,29
923,2020-05-16,Queensland,115,0.07594456047085626,0,1055
924,2020-05-16,South Australia,115,0.0,0,439
925,2020-05-16,Tasmania,115,0.08795074758135445,0,228
926,2020-05-16,Victoria,115,0.6116605934409163,7,1558
927,2020-05-16,Western Australia,115,0.0,1,553
928,2020-05-17,Australian Capital Territory,116,0.0,0,107
929,2020-05-17,New South Wales,116,0.110684289341754,1,3076
930,2020-05-17,Northern Territory,116,0.0,0,29
931,2020-05-17,Queensland,116,0.09484066767830045,2,1057
932,2020-05-17,South Australia,116,0.0,0,439
933,2020-05-17,Tasmania,116,0.08787346221441125,0,228
934,2020-05-17,Victoria,116,0.6464959917248514,6,1564
935,2020-05-17,Western Australia,116,0.036192544335866814,1,554
936,2020-05-18,Australian Capital Territory,117,0.0,0,107
937,2020-05-18,New South Wales,117,0.09756732145180175,2,3078
938,2020-05-18,Northern Territory,117,0.0,0,29
939,2020-05-18,Queensland,117,0.11367942402425162,0,1057
940,2020-05-18,South Australia,117,0.0,0,439
941,2020-05-18,Tasmania,117,0.08779631255487269,0,228
942,2020-05-18,Victoria,117,0.6678653994348831,9,1573
943,2020-05-18,Western Australia,117,0.18063583815028902,3,557
944,2020-05-19,Australian Capital Territory,118,0.0,0,107
945,2020-05-19,New South Wales,118,0.06500260010400416,3,3081
946,2020-05-19,Northern Territory,118,0.0,0,29
947,2020-05-19,Queensland,118,0.07572889057175312,1,1058
948,2020-05-19,South Australia,118,0.0,0,439
949,2020-05-19,Tasmania,118,0.08771929824561403,0,228
950,2020-05-19,Victoria,118,0.4220488553523468,0,1573
951,2020-05-19,Western Australia,118,0.18031013342949875,0,557
952,2020-05-20,Australian Capital Territory,119,0.0,0,107
953,2020-05-20,New South Wales,119,0.05197505197505198,1,3082
954,2020-05-20,Northern Territory,119,0.0,0,29
955,2020-05-20,Queensland,119,0.056764427625354774,0,1058
956,2020-05-20,South Australia,119,0.0,0,439
957,2020-05-20,Tasmania,119,0.0,0,228
958,2020-05-20,Victoria,119,0.3822142948146261,8,1581
959,2020-05-20,Western Australia,119,0.17998560115190784,0,557
960,2020-05-21,Australian Capital Territory,120,0.0,0,107
961,2020-05-21,New South Wales,120,0.05843776378157263,2,3084
962,2020-05-21,Northern Territory,120,0.0,0,29
963,2020-05-21,Queensland,120,0.056732223903177004,0,1058
964,2020-05-21,South Australia,120,0.0,0,439
965,2020-05-21,Tasmania,120,0.0,0,228
966,2020-05-21,Victoria,120,0.4439370877727042,12,1593
967,2020-05-21,Western Australia,120,0.14378145219266716,0,557
968,2020-05-22,Australian Capital Territory,121,0.0,0,107
969,2020-05-22,New South Wales,121,0.06488871585231329,2,3086
970,2020-05-22,Northern Territory,121,0.0,0,29
971,2020-05-22,Queensland,121,0.05670005670005669,2,1060
972,2020-05-22,South Australia,121,0.0,0,439
973,2020-05-22,Tasmania,121,0.0,0,228
974,2020-05-22,Victoria,121,0.3664855301402755,0,1593
975,2020-05-22,Western Australia,121,0.10771992818671454,0,557
976,2020-05-23,Australian Capital Territory,122,0.0,0,107
977,2020-05-23,New South Wales,122,0.058365758754863814,1,3087
978,2020-05-23,Northern Territory,122,0.0,0,29
979,2020-05-23,Queensland,122,0.07554296506137867,1,1061
980,2020-05-23,South Australia,122,0.0,0,439
981,2020-05-23,Tasmania,122,0.0,0,228
982,2020-05-23,Victoria,122,0.3776910487221453,10,1603
983,2020-05-23,Western Australia,122,0.10760401721664276,3,560
984,2020-05-24,Australian Capital Territory,123,0.0,0,107
985,2020-05-24,New South Wales,123,0.058331713007972,3,3090
986,2020-05-24,Northern Territory,123,0.0,0,29
987,2020-05-24,Queensland,123,-0.03778575477045155,-5,1056
988,2020-05-24,South Australia,123,0.0,0,439
989,2020-05-24,Tasmania,123,0.0,0,228
990,2020-05-24,Victoria,123,0.4012539184952978,2,1605
991,2020-05-24,Western Australia,123,0.10748835542816193,0,560
992,2020-05-25,Australian Capital Territory,124,0.0,0,107
993,2020-05-25,New South Wales,124,0.06477103439341926,2,3092
994,2020-05-25,Northern Territory,124,0.0,0,29
995,2020-05-25,Queensland,124,-0.01889644746787604,1,1057
996,2020-05-25,South Australia,124,0.0,0,439
997,2020-05-25,Tasmania,124,0.0,0,228
998,2020-05-25,Victoria,124,0.36231884057971014,5,1610
999,2020-05-25,Western Australia,124,0.2501786990707648,4,564
1000,2020-05-26,Australian Capital Territory,125,0.0,0,107
1001,2020-05-26,New South Wales,125,0.03237503237503237,-3,3089
1002,2020-05-26,Northern Territory,125,0.0,0,29
1003,2020-05-26,Queensland,125,0.0,1,1058
1004,2020-05-26,South Australia,125,0.04553734061930784,1,440
1005,2020-05-26,Tasmania,125,0.0,0,228
1006,2020-05-26,Victoria,125,0.3113712791132146,8,1618
1007,2020-05-26,Western Australia,125,0.46246887228744216,6,570
1008,2020-05-27,Australian Capital Territory,126,0.0,0,107
1009,2020-05-27,New South Wales,126,0.025893319523562924,1,3090
1010,2020-05-27,Northern Territory,126,0.0,0,29
1011,2020-05-27,Queensland,126,-0.03780718336483932,0,1058
1012,2020-05-27,South Australia,126,0.04551661356395085,0,440
1013,2020-05-27,Tasmania,126,0.0,0,228
1014,2020-05-27,Victoria,126,0.4340277777777778,10,1628
1015,2020-05-27,Western Australia,126,0.4603399433427763,0,570
1016,2020-05-28,Australian Capital Territory,127,0.0,0,107
1017,2020-05-28,New South Wales,127,0.03235617679415,2,3092
1018,2020-05-28,Northern Territory,127,0.0,0,29
1019,2020-05-28,Queensland,127,-0.056742954416493276,0,1058
1020,2020-05-28,South Australia,127,0.04549590536851684,0,440
1021,2020-05-28,Tasmania,127,0.0,0,228
1022,2020-05-28,Victoria,127,0.38295243977764054,6,1634
1023,2020-05-28,Western Australia,127,0.5983808518127419,7,577
1024,2020-05-29,Australian Capital Territory,128,0.0,0,107
1025,2020-05-29,New South Wales,128,0.012940795858945326,0,3092
1026,2020-05-29,Northern Territory,128,0.0,0,29
1027,2020-05-29,Queensland,128,0.037814331631688416,0,1058
1028,2020-05-29,South Australia,128,0.04547521600727604,0,440
1029,2020-05-29,Tasmania,128,0.0,0,228
1030,2020-05-29,Victoria,128,0.4917025199754148,11,1645
1031,2020-05-29,Western Australia,128,0.8722958827634334,8,585
1032,2020-05-30,Australian Capital Territory,129,0.0,0,107
1033,2020-05-30,New South Wales,129,0.01940742657523612,3,3095
1034,2020-05-30,Northern Territory,129,0.0,0,29
1035,2020-05-30,Queensland,129,0.01890359168241966,0,1058
1036,2020-05-30,South Australia,129,0.045454545454545456,0,440
1037,2020-05-30,Tasmania,129,0.0,0,228
1038,2020-05-30,Victoria,129,0.47712258380229994,4,1649
1039,2020-05-30,Western Australia,129,0.7617728531855956,1,586
1040,2020-05-31,Australian Capital Territory,130,0.0,0,107
1041,2020-05-31,New South Wales,130,0.058188401112045,3,3098
1042,2020-05-31,Northern Territory,130,0.0,0,29
1043,2020-05-31,Queensland,130,0.0,0,1058
1044,2020-05-31,South Australia,130,0.0,0,440
1045,2020-05-31,Tasmania,130,0.0,0,228
1046,2020-05-31,Victoria,130,0.4263613107564868,4,1653
1047,2020-05-31,Western Australia,130,0.6535947712418301,3,589
1048,2020-06-01,Australian Capital Territory,131,0.0,0,107
1049,2020-06-01,New South Wales,131,0.09043343453265293,6,3104
1050,2020-06-01,Northern Territory,131,0.0,0,29
1051,2020-06-01,Queensland,131,0.0189000189000189,1,1059
1052,2020-06-01,South Australia,131,0.0,0,440
1053,2020-06-01,Tasmania,131,0.0,0,228
1054,2020-06-01,Victoria,131,0.42455118874332853,10,1663
1055,2020-06-01,Western Australia,131,0.7172131147540983,2,591
1056,2020-06-02,Australian Capital Territory,132,0.0,0,107
1057,2020-06-02,New South Wales,132,0.07745433421545213,0,3104
1058,2020-06-02,Northern Territory,132,0.0,0,29
1059,2020-06-02,Queensland,132,0.01889644746787604,0,1059
1060,2020-06-02,South Australia,132,0.0,0,440
1061,2020-06-02,Tasmania,132,0.0,0,228
1062,2020-06-02,Victoria,132,0.43478260869565216,7,1670
1063,2020-06-02,Western Australia,132,0.509683995922528,1,592
1064,2020-06-03,Australian Capital Territory,133,0.0,0,107
1065,2020-06-03,New South Wales,133,0.09028180821564454,2,3106
1066,2020-06-03,Northern Territory,133,0.0,0,29
1067,2020-06-03,Queensland,133,0.03777861730260673,1,1060
1068,2020-06-03,South Australia,133,0.0,0,440
1069,2020-06-03,Tasmania,133,0.0,0,228
1070,2020-06-03,Victoria,133,0.3969686033922772,8,1678
1071,2020-06-03,Western Australia,133,0.23728813559322032,0,592
1072,2020-06-04,Australian Capital Territory,134,0.0,0,107
1073,2020-06-04,New South Wales,134,0.09663703131039815,4,3110
1074,2020-06-04,Northern Territory,134,0.0,0,29
1075,2020-06-04,Queensland,134,0.0377643504531722,0,1060
1076,2020-06-04,South Australia,134,0.0,0,440
1077,2020-06-04,Tasmania,134,0.0,0,228
1078,2020-06-04,Victoria,134,0.3834631515877771,3,1681
1079,2020-06-04,Western Australia,134,0.20297699594046006,0,592
1080,2020-06-05,Australian Capital Territory,135,0.0,0,107
1081,2020-06-05,New South Wales,135,0.07724990343762068,0,3110
1082,2020-06-05,Northern Territory,135,0.0,0,29
1083,2020-06-05,Queensland,135,0.05661445555765239,1,1061
1084,2020-06-05,South Australia,135,0.0,0,440
1085,2020-06-05,Tasmania,135,0.0,0,228
1086,2020-06-05,Victoria,135,0.33440821688761496,0,1681
1087,2020-06-05,Western Australia,135,0.23624704691191356,4,596
1088,2020-06-06,Australian Capital Territory,136,0.18656716417910446,1,108
1089,2020-06-06,New South Wales,136,0.032177102773666255,-1,3109
1090,2020-06-06,Northern Territory,136,0.0,0,29
1091,2020-06-06,Queensland,136,0.037728730428221086,0,1061
1092,2020-06-06,South Australia,136,0.0,0,440
1093,2020-06-06,Tasmania,136,0.0,0,228
1094,2020-06-06,Victoria,136,0.26206075044669447,4,1685
1095,2020-06-06,Western Australia,136,0.26926960619320095,3,599
1096,2020-06-07,Australian Capital Territory,137,0.186219739292365,0,108
1097,2020-06-07,New South Wales,137,0.05145687270856114,3,3112
1098,2020-06-07,Northern Territory,137,0.0,0,29
1099,2020-06-07,Queensland,137,0.056561085972850686,1,1062
1100,2020-06-07,South Australia,137,0.0,0,440
1101,2020-06-07,Tasmania,137,0.0,0,228
1102,2020-06-07,Victoria,137,0.20209224916785543,2,1687
1103,2020-06-07,Western Australia,137,0.23505708529214234,0,599
1104,2020-06-08,Australian Capital Territory,138,0.1858736059479554,0,108
1105,2020-06-08,New South Wales,138,0.05143040822886531,2,3114
1106,2020-06-08,Northern Territory,138,0.0,0,29
1107,2020-06-08,Queensland,138,0.03769317753486619,0,1062
1108,2020-06-08,South Australia,138,0.0,0,440
1109,2020-06-08,Tasmania,138,0.0,0,228
1110,2020-06-08,Victoria,138,0.10687566797292483,0,1687
1111,2020-06-08,Western Australia,138,0.23450586264656617,0,599
1112,2020-06-09,Australian Capital Territory,139,0.1855287569573284,0,108
1113,2020-06-09,New South Wales,139,0.04498136486312813,3,3117
1114,2020-06-09,Northern Territory,139,0.0,0,29
1115,2020-06-09,Queensland,139,0.037678975131876416,0,1062
1116,2020-06-09,South Australia,139,0.0,0,440
1117,2020-06-09,Tasmania,139,0.0,0,228
1118,2020-06-09,Victoria,139,0.11860989206499822,4,1691
1119,2020-06-09,Western Australia,139,0.2339572192513369,0,599
1120,2020-06-10,Australian Capital Territory,140,0.1851851851851852,0,108
1121,2020-06-10,New South Wales,140,0.04496114072837047,0,3117
1122,2020-06-10,Northern Territory,140,0.0,0,29
1123,2020-06-10,Queensland,140,0.03766478342749529,1,1063
1124,2020-06-10,South Australia,140,0.0,0,440
1125,2020-06-10,Tasmania,140,0.0,0,228
1126,2020-06-10,Victoria,140,0.213042963664339,8,1699
1127,2020-06-10,Western Australia,140,0.16683350016683351,2,601
1128,2020-06-11,Australian Capital Territory,141,0.0,0,108
1129,2020-06-11,New South Wales,141,0.038523274478330656,-2,3115
1130,2020-06-11,Northern Territory,141,0.0,0,29
1131,2020-06-11,Queensland,141,0.056465273856578214,1,1064
1132,2020-06-11,South Australia,141,0.0,0,440
1133,2020-06-11,Tasmania,141,0.0,0,228
1134,2020-06-11,Victoria,141,0.2125900555096256,4,1703
1135,2020-06-11,Western Australia,141,0.1,1,602
1136,2020-06-12,Australian Capital Territory,142,0.0,0,108
1137,2020-06-12,New South Wales,142,0.044923629829290206,4,3119
1138,2020-06-12,Northern Territory,142,0.0,0,29
1139,2020-06-12,Queensland,142,0.0564334085778781,1,1065
1140,2020-06-12,South Australia,142,0.0,0,440
1141,2020-06-12,Tasmania,142,0.0,0,228
1142,2020-06-12,Victoria,142,0.188612519155959,0,1703
1143,2020-06-12,Western Australia,142,0.0999000999000999,0,602
1144,2020-06-13,Australian Capital Territory,143,0.0,0,108
1145,2020-06-13,New South Wales,143,0.08976660682226212,9,3128
1146,2020-06-13,Northern Territory,143,0.0,0,29
1147,2020-06-13,Queensland,143,0.05640157924421885,0,1065
1148,2020-06-13,South Australia,143,0.0,0,440
1149,2020-06-13,Tasmania,143,0.0,0,228
1150,2020-06-13,Victoria,143,0.3875058713010803,17,1720
1151,2020-06-13,Western Australia,143,0.09980039920159679,0,602
1152,2020-06-14,Australian Capital Territory,144,0.0,0,108
1153,2020-06-14,New South Wales,144,0.08968609865470852,3,3131
1154,2020-06-14,Northern Territory,144,0.0,0,29
1155,2020-06-14,Queensland,144,0.05636978579481398,0,1065
1156,2020-06-14,South Australia,144,0.0,0,440
1157,2020-06-14,Tasmania,144,0.0,0,228
1158,2020-06-14,Victoria,144,0.479139885473881,12,1732
1159,2020-06-14,Western Australia,144,0.09970089730807578,0,602
1160,2020-06-15,Australian Capital Territory,145,0.0,0,108
1161,2020-06-15,New South Wales,145,0.10878607538235105,3,3134
1162,2020-06-15,Northern Territory,145,0.0,0,29
1163,2020-06-15,Queensland,145,0.03756574004507889,0,1065
1164,2020-06-15,South Australia,145,0.0,0,440
1165,2020-06-15,Tasmania,145,0.0,0,228
1166,2020-06-15,Victoria,145,0.48842888707989307,9,1741
1167,2020-06-15,Western Australia,145,0.03322259136212625,0,602
1168,2020-06-16,Australian Capital Territory,146,0.0,0,108
1169,2020-06-16,New South Wales,146,0.12782002939860676,1,3135
1170,2020-06-16,Northern Territory,146,0.0,0,29
1171,2020-06-16,Queensland,146,0.03755163349605708,1,1066
1172,2020-06-16,South Australia,146,0.0,0,440
1173,2020-06-16,Tasmania,146,0.0,0,228
1174,2020-06-16,Victoria,146,0.6814506814506816,21,1762
1175,2020-06-16,Western Australia,146,0.0,0,602
1176,2020-06-17,Australian Capital Territory,147,0.0,0,108
1177,2020-06-17,New South Wales,147,0.1149058410469199,2,3137
1178,2020-06-17,Northern Territory,147,0.0,0,29
1179,2020-06-17,Queensland,147,0.018772292096865026,0,1066
1180,2020-06-17,South Australia,147,0.0,0,440
1181,2020-06-17,Tasmania,147,0.0,0,228
1182,2020-06-17,Victoria,147,0.8815111619919862,18,1780
1183,2020-06-17,Western Australia,147,0.033211557622052475,1,603
1184,2020-06-18,Australian Capital Territory,148,0.0,0,108
1185,2020-06-18,New South Wales,148,0.09566326530612244,6,3143
1186,2020-06-18,Northern Territory,148,0.0,0,29
1187,2020-06-18,Queensland,148,0.018768768768768773,0,1066
1188,2020-06-18,South Australia,148,0.0,0,440
1189,2020-06-18,Tasmania,148,0.0,0,228
1190,2020-06-18,Victoria,148,0.8175315090269104,12,1792
1191,2020-06-18,Western Australia,148,0.03320053120849934,0,603
1192,2020-06-19,Australian Capital Territory,149,0.0,0,108
1193,2020-06-19,New South Wales,149,0.08283948257184733,1,3144
1194,2020-06-19,Northern Territory,149,0.0,0,29
1195,2020-06-19,Queensland,149,0.018765246762994934,0,1066
1196,2020-06-19,South Australia,149,0.0,0,440
1197,2020-06-19,Tasmania,149,0.0,0,228
1198,2020-06-19,Victoria,149,0.6766662907409495,0,1792
1199,2020-06-19,Western Australia,149,0.06635700066357002,1,604
1200,2020-06-20,Australian Capital Territory,150,0.0,0,108
1201,2020-06-20,New South Wales,150,0.09549274255156609,5,3149
1202,2020-06-20,Northern Territory,150,0.0,0,29
1203,2020-06-20,Queensland,150,0.01876172607879925,0,1066
1204,2020-06-20,South Australia,150,0.0,0,440
1205,2020-06-20,Tasmania,150,0.0,0,228
1206,2020-06-20,Victoria,150,1.06003124302611,44,1836
1207,2020-06-20,Western Australia,150,0.09943652635067948,1,605
1208,2020-06-21,Australian Capital Territory,151,0.0,0,108
1209,2020-06-21,New South Wales,151,0.10175527855507505,2,3151
1210,2020-06-21,Northern Territory,151,0.0,0,29
1211,2020-06-21,Queensland,151,0.0,0,1066
1212,2020-06-21,South Australia,151,0.0,0,440
1213,2020-06-21,Tasmania,151,0.0,0,228
1214,2020-06-21,Victoria,151,0.9395379683873106,11,1847
1215,2020-06-21,Western Australia,151,0.09933774834437085,0,605
1216,2020-06-22,Australian Capital Territory,152,0.0,0,108
1217,2020-06-22,New South Wales,152,0.0826078668107009,-1,3150
1218,2020-06-22,Northern Territory,152,0.0,0,29
1219,2020-06-22,Queensland,152,0.0,0,1066
1220,2020-06-22,South Australia,152,0.0,0,440
1221,2020-06-22,Tasmania,152,0.0,0,228
1222,2020-06-22,Victoria,152,0.9199430511444531,17,1864
1223,2020-06-22,Western Australia,152,0.1322751322751323,2,607
1224,2020-06-23,Australian Capital Territory,153,0.0,0,108
1225,2020-06-23,New South Wales,153,0.10156795531009967,9,3159
1226,2020-06-23,Northern Territory,153,0.0,0,29
1227,2020-06-23,Queensland,153,0.0,0,1066
1228,2020-06-23,South Australia,153,0.0,0,440
1229,2020-06-23,Tasmania,153,0.0,0,228
1230,2020-06-23,Victoria,153,0.997506234413965,20,1884
1231,2020-06-23,Western Australia,153,0.13210039630118892,0,607
1232,2020-06-24,Australian Capital Territory,154,0.0,0,108
1233,2020-06-24,New South Wales,154,0.11413353623739776,3,3162
1234,2020-06-24,Northern Territory,154,0.0,0,29
1235,2020-06-24,Queensland,154,0.0,0,1066
1236,2020-06-24,South Australia,154,0.0,0,440
1237,2020-06-24,Tasmania,154,0.0,0,228
1238,2020-06-24,Victoria,154,1.3371844244758238,33,1917
1239,2020-06-24,Western Australia,154,0.1319261213720317,1,608
1240,2020-06-25,Australian Capital Territory,155,0.0,0,108
1241,2020-06-25,New South Wales,155,0.12032932235592146,6,3168
1242,2020-06-25,Northern Territory,155,0.0,0,29
1243,2020-06-25,Queensland,155,0.018758206715438003,1,1067
1244,2020-06-25,South Australia,155,0.0,0,440
1245,2020-06-25,Tasmania,155,0.0,0,228
1246,2020-06-25,Victoria,155,1.1734855692990802,30,1947
1247,2020-06-25,Western Australia,155,0.09884678747940692,0,608
1248,2020-06-26,Australian Capital Territory,156,0.0,0,108
1249,2020-06-26,New South Wales,156,0.145449946246759,6,3174
1250,2020-06-26,Northern Territory,156,0.0,0,29
1251,2020-06-26,Queensland,156,0.018754688672168042,0,1067
1252,2020-06-26,South Australia,156,0.0,0,440
1253,2020-06-26,Tasmania,156,0.0,0,228
1254,2020-06-26,Victoria,156,1.046134532900931,0,1947
1255,2020-06-26,Western Australia,156,0.0987491770901909,0,608
1256,2020-06-27,Australian Capital Territory,157,0.0,0,108
1257,2020-06-27,New South Wales,157,0.17045454545454547,3,3177
1258,2020-06-27,Northern Territory,157,0.0,0,29
1259,2020-06-27,Queensland,157,0.018751171948246766,0,1067
1260,2020-06-27,South Australia,157,0.0,0,440
1261,2020-06-27,Tasmania,157,0.0,0,228
1262,2020-06-27,Victoria,157,1.6867222050807362,81,2028
1263,2020-06-27,Western Australia,157,0.06578947368421052,1,609
1264,2020-06-28,Australian Capital Territory,158,0.0,0,108
1265,2020-06-28,New South Wales,158,0.15757957768673178,7,3184
1266,2020-06-28,Northern Territory,158,0.0,0,29
1267,2020-06-28,Queensland,158,0.018747656542932135,0,1067
1268,2020-06-28,South Australia,158,0.0,0,440
1269,2020-06-28,Tasmania,158,0.0,0,228
1270,2020-06-28,Victoria,158,2.163413161601932,71,2099
1271,2020-06-28,Western Australia,158,0.06574621959237344,0,609
1272,2020-06-29,Australian Capital Territory,159,0.0,0,108
1273,2020-06-29,New South Wales,159,0.16989680342310598,5,3189
1274,2020-06-29,Northern Territory,159,0.0,0,29
1275,2020-06-29,Queensland,159,0.018744142455482664,0,1067
1276,2020-06-29,South Australia,159,0.13617793917385385,3,443
1277,2020-06-29,Tasmania,159,0.0,0,228
1278,2020-06-29,Victoria,159,2.3772102161100195,60,2159
1279,2020-06-29,Western Australia,159,0.09852216748768472,2,611
1280,2020-06-30,Australian Capital Territory,160,0.0,0,108
1281,2020-06-30,New South Wales,160,0.2197526213348402,14,3203
1282,2020-06-30,Northern Territory,160,0.0,0,29
1283,2020-06-30,Queensland,160,0.0,0,1067
1284,2020-06-30,South Australia,160,0.1359927470534905,0,443
1285,2020-06-30,Tasmania,160,0.0,0,228
1286,2020-06-30,Victoria,160,2.7140672782874615,72,2231
1287,2020-06-30,Western Australia,160,0.09842519685039369,0,611
1288,2020-07-01,Australian Capital Territory,161,0.0,0,108
1289,2020-07-01,New South Wales,161,0.23177148584314708,8,3211
1290,2020-07-01,Northern Territory,161,0.6849315068493151,1,30
1291,2020-07-01,Queensland,161,0.0,0,1067
1292,2020-07-01,South Australia,161,0.13580805794477138,0,443
1293,2020-07-01,Tasmania,161,0.0,0,228
1294,2020-07-01,Victoria,161,3.2902033271719042,72,2303
1295,2020-07-01,Western Australia,161,0.0983284169124877,0,611
1296,2020-07-02,Australian Capital Territory,162,0.0,0,108
1297,2020-07-02,New South Wales,162,0.2125265658207276,0,3211
1298,2020-07-02,Northern Territory,162,0.6802721088435375,0,30
1299,2020-07-02,Queensland,162,0.0,0,1067
1300,2020-07-02,South Australia,162,0.13562386980108498,0,443
1301,2020-07-02,Tasmania,162,0.0,0,228
1302,2020-07-02,Victoria,162,3.046594982078853,65,2368
1303,2020-07-02,Western Australia,162,0.06550933508024895,0,611
1304,2020-07-03,Australian Capital Territory,163,0.0,0,108
1305,2020-07-03,New South Wales,163,1.3625994204328256,194,3405
1306,2020-07-03,Northern Territory,163,0.6756756756756757,0,30
1307,2020-07-03,Queensland,163,0.0,0,1067
1308,2020-07-03,South Australia,163,0.13544018058690743,0,443
1309,2020-07-03,Tasmania,163,0.0,0,228
1310,2020-07-03,Victoria,163,2.3536617376848366,0,2368
1311,2020-07-03,Western Australia,163,0.06546644844517185,0,611
1312,2020-07-04,Australian Capital Territory,164,0.0,0,108
1313,2020-07-04,New South Wales,164,1.398261292479786,14,3419
1314,2020-07-04,Northern Territory,164,0.6711409395973155,0,30
1315,2020-07-04,Queensland,164,0.0,0,1067
1316,2020-07-04,South Australia,164,0.0,0,443
1317,2020-07-04,Tasmania,164,0.0,0,228
1318,2020-07-04,Victoria,164,3.193291546671185,168,2536
1319,2020-07-04,Western Australia,164,0.032722513089005235,1,612
1320,2020-07-05,Australian Capital Territory,165,0.0,0,108
1321,2020-07-05,New South Wales,165,1.3553223388305846,10,3429
1322,2020-07-05,Northern Territory,165,0.6666666666666667,0,30
1323,2020-07-05,Queensland,165,0.0,0,1067
1324,2020-07-05,South Australia,165,0.0,0,443
1325,2020-07-05,Tasmania,165,0.0,0,228
1326,2020-07-05,Victoria,165,3.506334286881896,124,2660
1327,2020-07-05,Western Australia,165,0.22853411687887687,6,618
1328,2020-07-06,Australian Capital Territory,166,0.0,0,108
1329,2020-07-06,New South Wales,166,1.3138426939693435,4,3433
1330,2020-07-06,Northern Territory,166,0.0,0,30
1331,2020-07-06,Queensland,166,0.018740629685157422,1,1068
1332,2020-07-06,South Australia,166,0.0,0,443
1333,2020-07-06,Tasmania,166,0.0,0,228
1334,2020-07-06,Victoria,166,4.084352461586704,164,2824
1335,2020-07-06,Western Australia,166,0.3254149040026033,3,621
1336,2020-07-07,Australian Capital Territory,167,0.5524861878453038,3,111
1337,2020-07-07,New South Wales,167,1.337148195725797,7,3440
1338,2020-07-07,Northern Territory,167,0.0,0,30
1339,2020-07-07,Queensland,167,0.01873711823121604,0,1068
1340,2020-07-07,South Australia,167,0.0,0,443
1341,2020-07-07,Tasmania,167,0.0,0,228
1342,2020-07-07,Victoria,167,4.306076519129783,118,2942
1343,2020-07-07,Western Australia,167,0.42125729099157483,3,624
1344,2020-07-08,Australian Capital Territory,168,0.7312614259597806,1,112
1345,2020-07-08,New South Wales,168,0.279492255735414,13,3453
1346,2020-07-08,Northern Territory,168,0.0,0,30
1347,2020-07-08,Queensland,168,0.0187336080929187,0,1068
1348,2020-07-08,South Australia,168,0.0,0,443
1349,2020-07-08,Tasmania,168,0.0,0,228
1350,2020-07-08,Victoria,168,5.19203413940256,156,3098
1351,2020-07-08,Western Australia,168,0.41949015811552115,0,624
1352,2020-07-09,Australian Capital Territory,169,0.9057971014492754,1,113
1353,2020-07-09,New South Wales,169,0.27871327371966087,14,3467
1354,2020-07-09,Northern Territory,169,0.6622516556291391,1,31
1355,2020-07-09,Queensland,169,0.01873009926952613,0,1068
1356,2020-07-09,South Australia,169,0.0,0,443
1357,2020-07-09,Tasmania,169,0.0,0,228
1358,2020-07-09,Victoria,169,5.770390724482273,299,3397
1359,2020-07-09,Western Australia,169,0.48169556840077077,3,627
1360,2020-07-10,Australian Capital Territory,170,0.8976660682226212,0,113
1361,2020-07-10,New South Wales,170,0.2606127294839868,7,3474
1362,2020-07-10,Northern Territory,170,0.6578947368421053,0,31
1363,2020-07-10,Queensland,170,0.05615874204417821,2,1070
1364,2020-07-10,South Australia,170,0.0,0,443
1365,2020-07-10,Tasmania,170,0.0,0,228
1366,2020-07-10,Victoria,170,5.688641678781367,163,3560
1367,2020-07-10,Western Australia,170,0.5111821086261981,7,634
1368,2020-07-11,Australian Capital Territory,171,0.889679715302491,0,113
1369,2020-07-11,New South Wales,171,0.25993530499075784,4,3478
1370,2020-07-11,Northern Territory,171,0.6535947712418301,0,31
1371,2020-07-11,Queensland,171,0.037425149700598806,0,1070
1372,2020-07-11,South Australia,171,0.0,0,443
1373,2020-07-11,Tasmania,171,0.0,0,228
1374,2020-07-11,Victoria,171,5.804953560371517,239,3799
1375,2020-07-11,Western Australia,171,0.44529262086513993,1,635
1376,2020-07-12,Australian Capital Territory,172,0.3546099290780142,0,113
1377,2020-07-12,New South Wales,172,0.2994701681640175,14,3492
1378,2020-07-12,Northern Territory,172,0.6493506493506493,0,31
1379,2020-07-12,Queensland,172,0.05610622779128483,1,1071
1380,2020-07-12,South Australia,172,0.0,0,443
1381,2020-07-12,Tasmania,172,0.0,0,228
1382,2020-07-12,Victoria,172,5.751641322035801,168,3967
1383,2020-07-12,Western Australia,172,0.3486529318541997,0,635
1384,2020-07-13,Australian Capital Territory,173,0.1769911504424779,0,113
1385,2020-07-13,New South Wales,173,0.2985760220486909,13,3505
1386,2020-07-13,Northern Territory,173,0.6451612903225806,0,31
1387,2020-07-13,Queensland,173,0.056074766355140186,0,1071
1388,2020-07-13,South Australia,173,0.0,0,443
1389,2020-07-13,Tasmania,173,0.0,0,228
1390,2020-07-13,Victoria,173,5.94289333403705,257,4224
1391,2020-07-13,Western Australia,173,0.3789074834227976,1,636
1392,2020-07-14,Australian Capital Territory,174,0.0,0,113
1393,2020-07-14,New South Wales,174,0.28627046833848624,12,3517
1394,2020-07-14,Northern Territory,174,0.0,0,31
1395,2020-07-14,Queensland,174,0.05604334018307491,0,1071
1396,2020-07-14,South Australia,174,0.0,0,443
1397,2020-07-14,Tasmania,174,0.0,0,228
1398,2020-07-14,Victoria,174,5.255525552555255,224,4448
1399,2020-07-14,Western Australia,174,0.28337531486146095,0,636
1400,2020-07-15,Australian Capital Territory,175,0.0,0,113
1401,2020-07-15,New South Wales,175,0.30252868314401504,10,3527
1402,2020-07-15,Northern Territory,175,0.0,0,31
1403,2020-07-15,Queensland,175,0.018677624206200973,0,1071
1404,2020-07-15,South Australia,175,0.04512635379061372,1,444
1405,2020-07-15,Tasmania,175,0.0,0,228
1406,2020-07-15,Victoria,175,5.616386633943741,302,4750
1407,2020-07-15,Western Australia,175,0.37641154328732745,10,646
1408,2020-07-16,Australian Capital Territory,176,0.0,0,113
1409,2020-07-16,New South Wales,176,0.3243058716431498,8,3535
1410,2020-07-16,Northern Territory,176,0.0,0,31
1411,2020-07-16,Queensland,176,0.018674136321195148,0,1071
1412,2020-07-16,South Australia,176,0.045105999097880024,0,444
1413,2020-07-16,Tasmania,176,0.0,0,228
1414,2020-07-16,Victoria,176,6.0565753303183465,415,5165
1415,2020-07-16,Western Australia,176,0.3438574554548297,0,646
1416,2020-07-17,Australian Capital Territory,177,0.0,0,113
1417,2020-07-17,New South Wales,177,0.32891006011114887,15,3550
1418,2020-07-17,Northern Territory,177,0.0,0,31
1419,2020-07-17,Queensland,177,0.0,0,1071
1420,2020-07-17,South Australia,177,0.045085662759242556,0,444
1421,2020-07-17,Tasmania,177,0.0,0,228
1422,2020-07-17,Victoria,177,5.7894736842105265,188,5353
1423,2020-07-17,Western Australia,177,0.4976671850699845,5,651
1424,2020-07-18,Australian Capital Territory,178,0.0,0,113
1425,2020-07-18,New South Wales,178,0.35599254110866246,18,3568
1426,2020-07-18,Northern Territory,178,0.0,0,31
1427,2020-07-18,Queensland,178,0.0,0,1071
1428,2020-07-18,South Australia,178,0.04506534474988734,0,444
1429,2020-07-18,Tasmania,178,0.0,0,228
1430,2020-07-18,Victoria,178,5.792538957972612,343,5696
1431,2020-07-18,Western Australia,178,0.46439628482972134,0,651
1432,2020-07-19,Australian Capital Territory,179,0.0,0,113
1433,2020-07-19,New South Wales,179,0.39959477712742003,20,3588
1434,2020-07-19,Northern Territory,179,0.0,0,31
1435,2020-07-19,Queensland,179,0.018670649738610906,1,1072
1436,2020-07-19,South Australia,179,0.04504504504504504,0,444
1437,2020-07-19,Tasmania,179,0.0,0,228
1438,2020-07-19,Victoria,179,5.552664833122724,246,5942
1439,2020-07-19,Western Australia,179,0.46224961479198773,0,651
1440,2020-07-20,Australian Capital Territory,180,0.0,0,113
1441,2020-07-20,New South Wales,180,0.40358744394618834,11,3599
1442,2020-07-20,Northern Territory,180,0.0,0,31
1443,2020-07-20,Queensland,180,0.018667164457718873,0,1072
1444,2020-07-20,South Australia,180,0.0,0,444
1445,2020-07-20,Tasmania,180,0.08764241893076251,1,229
1446,2020-07-20,Victoria,180,5.410441202320268,347,6289
1447,2020-07-20,Western Australia,180,0.15384615384615385,0,651
1448,2020-07-21,Australian Capital Territory,181,0.0,0,113
1449,2020-07-21,New South Wales,181,0.4408728165634243,15,3614
1450,2020-07-21,Northern Territory,181,0.0,0,31
1451,2020-07-21,Queensland,181,0.03732039559619332,1,1073
1452,2020-07-21,South Australia,181,0.0,0,444
1453,2020-07-21,Tasmania,181,0.08756567425569177,0,229
1454,2020-07-21,Victoria,181,5.24334588094207,450,6739
1455,2020-07-21,Western Australia,181,0.15360983102918588,0,651
1456,2020-07-22,Australian Capital Territory,182,0.0,0,113
1457,2020-07-22,New South Wales,182,0.46105988223530725,19,3633
1458,2020-07-22,Northern Territory,182,0.0,0,31
1459,2020-07-22,Queensland,182,0.05594927265945542,1,1074
1460,2020-07-22,South Australia,182,0.09000900090009002,2,446
1461,2020-07-22,Tasmania,182,0.08748906386701663,0,229
1462,2020-07-22,Victoria,182,5.573904564184832,386,7125
1463,2020-07-22,Western Australia,182,0.0,0,651
1464,2020-07-23,Australian Capital Territory,183,0.0,0,113
1465,2020-07-23,New South Wales,183,0.3983622883700343,7,3640
1466,2020-07-23,Northern Territory,183,0.0,0,31
1467,2020-07-23,Queensland,183,0.0931619154089808,2,1076
1468,2020-07-23,South Australia,183,0.1348314606741573,1,447
1469,2020-07-23,Tasmania,183,0.08741258741258741,0,229
1470,2020-07-23,Victoria,183,5.101492537313433,280,7405
1471,2020-07-23,Western Australia,183,0.09208103130755063,3,654
1472,2020-07-24,Australian Capital Territory,184,0.0,0,113
1473,2020-07-24,New South Wales,184,0.3638368246968026,14,3654
1474,2020-07-24,Northern Territory,184,0.0,0,31
1475,2020-07-24,Queensland,184,0.07447402718301992,0,1076
1476,2020-07-24,South Australia,184,0.13464991023339315,0,447
1477,2020-07-24,Tasmania,184,0.08733624454148471,0,229
1478,2020-07-24,Victoria,184,5.104526655713557,339,7744
1479,2020-07-24,Western Australia,184,0.15323322096230463,2,656
1480,2020-07-25,Australian Capital Territory,185,0.0,0,113
1481,2020-07-25,New South Wales,185,0.3789334944258334,14,3668
1482,2020-07-25,Northern Territory,185,0.0,0,31
1483,2020-07-25,Queensland,185,0.0744186046511628,0,1076
1484,2020-07-25,South Australia,185,0.1344688480502017,0,447
1485,2020-07-25,Tasmania,185,0.0,0,229
1486,2020-07-25,Victoria,185,5.086841963757595,437,8181
1487,2020-07-25,Western Australia,185,0.21406727828746178,2,658
1488,2020-07-26,Australian Capital Territory,186,0.0,0,113
1489,2020-07-26,New South Wales,186,0.3884026258205689,17,3685
1490,2020-07-26,Northern Territory,186,0.0,0,31
1491,2020-07-26,Queensland,186,0.055782818891781334,0,1076
1492,2020-07-26,South Australia,186,0.1342882721575649,0,447
1493,2020-07-26,Tasmania,186,0.0,0,229
1494,2020-07-26,Victoria,186,4.998595182753952,515,8696
1495,2020-07-26,Western Australia,186,0.21361000915471468,0,658
1496,2020-07-27,Australian Capital Territory,187,0.0,0,113
1497,2020-07-27,New South Wales,187,0.35975144445655727,14,3699
1498,2020-07-27,Northern Territory,187,0.0,0,31
1499,2020-07-27,Queensland,187,0.03717472118959108,0,1076
1500,2020-07-27,South Australia,187,0.0447427293064877,0,447
1501,2020-07-27,Tasmania,187,0.0,0,229
1502,2020-07-27,Victoria,187,4.684114424832623,353,9049
1503,2020-07-27,Western Australia,187,0.24353120243531204,1,659
1504,2020-07-28,Australian Capital Territory,188,0.0,0,113
1505,2020-07-28,New South Wales,188,0.4233608336951801,19,3718
1506,2020-07-28,Northern Territory,188,0.0,0,31
1507,2020-07-28,Queensland,188,0.03716090672612412,2,1078
1508,2020-07-28,South Australia,188,0.0447227191413238,1,448
1509,2020-07-28,Tasmania,188,0.0,0,229
1510,2020-07-28,Victoria,188,4.418950993624052,255,9304
1511,2020-07-28,Western Australia,188,0.212636695018226,2,661
1512,2020-07-29,Australian Capital Territory,189,0.0,0,113
1513,2020-07-29,New South Wales,189,0.4430995352858532,18,3736
1514,2020-07-29,Northern Territory,189,0.0,0,31
1515,2020-07-29,Queensland,189,0.11135857461024498,4,1082
1516,2020-07-29,South Australia,189,0.04470272686633885,0,448
1517,2020-07-29,Tasmania,189,0.0,0,229
1518,2020-07-29,Victoria,189,4.9836384540550105,694,9998
1519,2020-07-29,Western Australia,189,0.15165301789505614,0,661
1520,2020-07-30,Australian Capital Territory,190,0.0,0,113
1521,2020-07-30,New South Wales,190,0.47327094761751104,20,3756
1522,2020-07-30,Northern Territory,190,0.0,0,31
1523,2020-07-30,Queensland,190,0.12974976830398516,1,1083
1524,2020-07-30,South Australia,190,0.08932559178204556,1,449
1525,2020-07-30,Tasmania,190,0.0,0,229
1526,2020-07-30,Victoria,190,5.031076768016127,579,10577
1527,2020-07-30,Western Australia,190,0.211864406779661,4,665
1528,2020-07-31,Australian Capital Territory,191,0.0,0,113
1529,2020-07-31,New South Wales,191,0.4710416443635585,17,3773
1530,2020-07-31,Northern Territory,191,1.2738853503184715,2,33
1531,2020-07-31,Queensland,191,0.14806588932074774,1,1084
1532,2020-07-31,South Australia,191,0.17833259028087384,2,451
1533,2020-07-31,Tasmania,191,0.0,0,229
1534,2020-07-31,Victoria,191,4.482641047754669,354,10931
1535,2020-07-31,Western Australia,191,0.24154589371980678,1,666
1536,2020-08-01,Australian Capital Territory,192,0.0,0,113
1537,2020-08-01,New South Wales,192,0.4529226834336868,11,3784
1538,2020-08-01,Northern Territory,192,1.257861635220126,0,33
1539,2020-08-01,Queensland,192,0.1662971175166297,1,1085
1540,2020-08-01,South Australia,192,0.2667852378835038,2,453
1541,2020-08-01,Tasmania,192,0.0,0,229
1542,2020-08-01,Victoria,192,4.789275688888041,626,11557
1543,2020-08-01,Western Australia,192,-0.546448087431694,-25,641
1544,2020-08-02,Australian Capital Territory,193,0.0,0,113
1545,2020-08-02,New South Wales,193,0.41918709540486054,13,3797
1546,2020-08-02,Northern Territory,193,1.2422360248447204,0,33
1547,2020-08-02,Queensland,193,0.12917512456172725,0,1085
1548,2020-08-02,South Australia,193,0.3102836879432624,2,455
1549,2020-08-02,Tasmania,193,0.0,0,229
1550,2020-08-02,Victoria,193,4.787272727272727,380,11937
1551,2020-08-02,Western Australia,193,0.24227740763173838,28,669
1552,2020-08-03,Australian Capital Territory,194,0.0,0,113
1553,2020-08-03,New South Wales,194,0.38585548919076057,12,3809
1554,2020-08-03,Northern Territory,194,1.2269938650306749,0,33
1555,2020-08-03,Queensland,194,0.055330136481003316,0,1085
1556,2020-08-03,South Australia,194,0.3973509933774834,2,457
1557,2020-08-03,Tasmania,194,0.0,0,229
1558,2020-08-03,Victoria,194,4.075902122538675,398,12335
1559,2020-08-03,Western Australia,194,0.2416918429003021,0,669
1560,2020-08-04,Australian Capital Territory,195,0.0,0,113
1561,2020-08-04,New South Wales,195,0.33714376020650055,11,3820
1562,2020-08-04,Northern Territory,195,1.2121212121212122,0,33
1563,2020-08-04,Queensland,195,0.09213193292795283,3,1088
1564,2020-08-04,South Australia,195,0.3519577650681918,0,457
1565,2020-08-04,Tasmania,195,0.0,0,229
1566,2020-08-04,Victoria,195,4.110711597959696,700,13035
1567,2020-08-04,Western Australia,195,0.1508295625942685,1,670
1568,2020-08-05,Australian Capital Territory,196,0.0,0,113
1569,2020-08-05,New South Wales,196,0.30984140321394815,12,3832
1570,2020-08-05,Northern Territory,196,0.0,0,33
1571,2020-08-05,Queensland,196,0.07365126127784939,0,1088
1572,2020-08-05,South Australia,196,0.21949078138718175,-1,456
1573,2020-08-05,Tasmania,196,0.0,0,229
1574,2020-08-05,Victoria,196,4.071679527698009,434,13469
1575,2020-08-05,Western Australia,196,0.1205182283820428,0,670
1576,2020-08-06,Australian Capital Territory,197,0.0,0,113
1577,2020-08-06,New South Wales,197,0.3036649214659686,10,3842
1578,2020-08-06,Northern Territory,197,0.0,0,33
1579,2020-08-06,Queensland,197,0.03681207436039021,-1,1087
1580,2020-08-06,South Australia,197,0.2626970227670753,3,459
1581,2020-08-06,Tasmania,197,0.0,0,229
1582,2020-08-06,Victoria,197,3.573472765806043,398,13867
1583,2020-08-06,Western Australia,197,0.030120481927710847,-28,642
1584,2020-08-07,Australian Capital Territory,198,0.0,0,113
1585,2020-08-07,New South Wales,198,0.28192544638195677,9,3851
1586,2020-08-07,Northern Territory,198,0.0,0,33
1587,2020-08-07,Queensland,198,0.05518763796909492,1,1088
1588,2020-08-07,South Australia,198,0.17482517482517482,0,459
1589,2020-08-07,Tasmania,198,0.0,0,229
1590,2020-08-07,Victoria,198,3.5020675036199975,416,14283
1591,2020-08-07,Western Australia,198,-0.8199210446401458,0,642
1592,2020-08-08,Australian Capital Territory,199,0.0,0,113
1593,2020-08-08,New South Wales,199,0.2707487243569718,10,3861
1594,2020-08-08,Northern Territory,199,0.0,0,33
1595,2020-08-08,Queensland,199,0.05515719801434087,0,1088
1596,2020-08-08,South Australia,199,0.08733624454148471,0,459
1597,2020-08-08,Tasmania,199,0.0,0,229
1598,2020-08-08,Victoria,199,3.352906381198332,376,14659
1599,2020-08-08,Western Australia,199,-0.8266993263931415,0,642
1600,2020-08-09,Australian Capital Territory,200,0.0,0,113
1601,2020-08-09,New South Wales,200,0.2855511136493432,14,3875
1602,2020-08-09,Northern Territory,200,0.0,0,33
1603,2020-08-09,Queensland,200,0.01838235294117647,1,1089
1604,2020-08-09,South Australia,200,0.08726003490401397,0,459
1605,2020-08-09,Tasmania,200,0.0,0,229
1606,2020-08-09,Victoria,200,2.6981118832034814,298,14957
1607,2020-08-09,Western Australia,200,-0.8647313156269302,0,642
1608,2020-08-10,Australian Capital Territory,201,0.0,0,113
1609,2020-08-10,New South Wales,201,0.33633447169616065,22,3897
1610,2020-08-10,Northern Territory,201,0.0,0,33
1611,2020-08-10,Queensland,201,0.018378974453225512,0,1089
1612,2020-08-10,South Australia,201,0.130718954248366,0,459
1613,2020-08-10,Tasmania,201,0.0,0,229
1614,2020-08-10,Victoria,201,2.4405275483791447,294,15251
1615,2020-08-10,Western Australia,201,-0.8722741433021807,0,642
1616,2020-08-11,Australian Capital Territory,202,0.0,0,113
1617,2020-08-11,New South Wales,202,0.3763080571163462,18,3915
1618,2020-08-11,Northern Territory,202,0.0,0,33
1619,2020-08-11,Queensland,202,0.03674444240308654,0,1089
1620,2020-08-11,South Australia,202,0.0,0,459
1621,2020-08-11,Tasmania,202,0.08726003490401397,1,230
1622,2020-08-11,Victoria,202,2.3784694368682815,395,15646
1623,2020-08-11,Western Australia,202,0.0,0,642
1624,2020-08-12,Australian Capital Territory,203,0.0,0,113
1625,2020-08-12,New South Wales,203,0.3902439024390244,12,3927
1626,2020-08-12,Northern Territory,203,0.0,0,33
1627,2020-08-12,Queensland,203,0.018368846436443792,0,1089
1628,2020-08-12,South Australia,203,0.0,0,459
1629,2020-08-12,Tasmania,203,0.08718395815170009,0,230
1630,2020-08-12,Victoria,203,2.0687126846129673,217,15863
1631,2020-08-12,Western Australia,203,0.06226650062266502,2,644
1632,2020-08-13,Australian Capital Territory,204,0.0,0,113
1633,2020-08-13,New South Wales,204,0.3836317135549872,9,3936
1634,2020-08-13,Northern Territory,204,0.0,0,33
1635,2020-08-13,Queensland,204,0.05507618872774003,2,1091
1636,2020-08-13,South Australia,204,0.04355400696864112,1,460
1637,2020-08-13,Tasmania,204,0.08710801393728224,0,230
1638,2020-08-13,Victoria,204,2.020500057728573,371,16234
1639,2020-08-13,Western Australia,204,0.09331259720062207,1,645
1640,2020-08-14,Australian Capital Territory,205,0.0,0,113
1641,2020-08-14,New South Wales,205,0.3567787971457696,9,3945
1642,2020-08-14,Northern Territory,205,0.0,0,33
1643,2020-08-14,Queensland,205,0.03670398238208846,0,1091
1644,2020-08-14,South Australia,205,0.043535045711798004,0,460
1645,2020-08-14,Tasmania,205,0.08703220191470844,0,230
1646,2020-08-14,Victoria,205,1.9619926802580776,283,16517
1647,2020-08-14,Western Australia,205,0.12426219322771048,1,646
1648,2020-08-15,Australian Capital Territory,206,0.0,0,113
1649,2020-08-15,New South Wales,206,0.2694047679560819,5,3950
1650,2020-08-15,Northern Territory,206,0.0,0,33
1651,2020-08-15,Queensland,206,0.0366905155017428,0,1091
1652,2020-08-15,South Australia,206,0.04351610095735422,0,460
1653,2020-08-15,Tasmania,206,0.08695652173913043,0,230
1654,2020-08-15,Victoria,206,1.86734794628752,247,16764
1655,2020-08-15,Western Australia,206,0.12410797393732549,0,646
1656,2020-08-16,Australian Capital Territory,207,0.0,0,113
1657,2020-08-16,New South Wales,207,0.2130357595739285,7,3957
1658,2020-08-16,Northern Territory,207,0.0,0,33
1659,2020-08-16,Queensland,207,0.036677058499908315,0,1091
1660,2020-08-16,South Australia,207,0.08695652173913043,1,461
1661,2020-08-16,Tasmania,207,0.0,0,230
1662,2020-08-16,Victoria,207,1.6758691826952248,263,17027
1663,2020-08-16,Western Australia,207,0.12395413696932135,0,646
1664,2020-08-17,Australian Capital Territory,208,0.0,0,113
1665,2020-08-17,New South Wales,208,0.1620499316351851,2,3959
1666,2020-08-17,Northern Territory,208,0.0,0,33
1667,2020-08-17,Queensland,208,0.03666361136571952,0,1091
1668,2020-08-17,South Australia,208,0.13026487190620928,1,462
1669,2020-08-17,Tasmania,208,0.0,0,230
1670,2020-08-17,Victoria,208,1.6412031511100502,211,17238
1671,2020-08-17,Western Australia,208,0.09287925696594426,1,647
1672,2020-08-18,Australian Capital Territory,209,0.0,0,113
1673,2020-08-18,New South Wales,209,0.15169135864893563,7,3966
1674,2020-08-18,Northern Territory,209,0.0,0,33
1675,2020-08-18,Queensland,209,0.018328445747800588,1,1092
1676,2020-08-18,South Australia,209,0.08676789587852496,0,462
1677,2020-08-18,Tasmania,209,0.0,0,230
1678,2020-08-18,Victoria,209,1.4260165662650601,208,17446
1679,2020-08-18,Western Australia,209,0.06188118811881188,0,647
1680,2020-08-19,Australian Capital Territory,210,0.0,0,113
1681,2020-08-19,New South Wales,210,0.13129323839822252,5,3971
1682,2020-08-19,Northern Territory,210,0.0,0,33
1683,2020-08-19,Queensland,210,0.036643459142543064,1,1093
1684,2020-08-19,South Australia,210,0.08669267446900737,0,462
1685,2020-08-19,Tasmania,210,0.0,0,230
1686,2020-08-19,Victoria,210,1.353327607418928,237,17683
1687,2020-08-19,Western Australia,210,0.15446400988569664,4,651
1688,2020-08-20,Australian Capital Territory,211,0.0,0,113
1689,2020-08-20,New South Wales,211,0.11097099621689785,1,3972
1690,2020-08-20,Northern Territory,211,0.0,0,33
1691,2020-08-20,Queensland,211,0.054934993590917414,1,1094
1692,2020-08-20,South Australia,211,0.086617583369424,0,462
1693,2020-08-20,Tasmania,211,0.0,0,230
1694,2020-08-20,Victoria,211,1.2470485752928502,169,17852
1695,2020-08-20,Western Australia,211,0.15422578655151142,0,651
1696,2020-08-21,Australian Capital Territory,212,0.0,0,113
1697,2020-08-21,New South Wales,212,0.12091289233714544,9,3981
1698,2020-08-21,Northern Territory,212,0.0,0,33
1699,2020-08-21,Queensland,212,0.21925817650283208,9,1103
1700,2020-08-21,South Australia,212,0.04329004329004329,0,462
1701,2020-08-21,Tasmania,212,0.0,0,230
1702,2020-08-21,Victoria,212,1.1354364971444113,177,18029
1703,2020-08-21,Western Australia,212,0.1539882968894364,0,651
1704,2020-08-22,Australian Capital Territory,213,0.0,0,113
1705,2020-08-22,New South Wales,213,0.13081761006289308,4,3985
1706,2020-08-22,Northern Territory,213,0.0,0,33
1707,2020-08-22,Queensland,213,0.2551485328959358,2,1105
1708,2020-08-22,South Australia,213,0.0,0,462
1709,2020-08-22,Tasmania,213,0.0,0,230
1710,2020-08-22,Victoria,213,1.112717248798198,202,18231
1711,2020-08-22,Western Australia,213,0.15375153751537515,1,652
1712,2020-08-23,Australian Capital Territory,214,0.0,0,113
1713,2020-08-23,New South Wales,214,0.11056943257777554,3,3988
1714,2020-08-23,Northern Territory,214,0.0,0,33
1715,2020-08-23,Queensland,214,0.25449918196691507,1,1106
1716,2020-08-23,South Australia,214,0.04327131112072696,1,463
1717,2020-08-23,Tasmania,214,0.0,0,230
1718,2020-08-23,Victoria,214,0.9808599167822469,99,18330
1719,2020-08-23,Western Australia,214,0.1535155050660117,0,652
1720,2020-08-24,Australian Capital Territory,215,0.0,0,113
1721,2020-08-24,New South Wales,215,0.10041672942712254,3,3991
1722,2020-08-24,Northern Territory,215,0.0,0,33
1723,2020-08-24,Queensland,215,0.2357635110627494,0,1106
1724,2020-08-24,South Australia,215,0.043252595155709346,0,463
1725,2020-08-24,Tasmania,215,0.0,0,230
1726,2020-08-24,Victoria,215,0.8591292103931533,134,18464
1727,2020-08-24,Western Australia,215,0.06136851795029151,1,653
1728,2020-08-25,Australian Capital Territory,216,0.0,0,113
1729,2020-08-25,New South Wales,216,0.12536355430749171,6,3997
1730,2020-08-25,Northern Territory,216,0.0,0,33
1731,2020-08-25,Queensland,216,0.23520897412701286,1,1107
1732,2020-08-25,South Australia,216,0.043233895373973194,0,463
1733,2020-08-25,Tasmania,216,0.0,0,230
1734,2020-08-25,Victoria,216,0.8247692609805589,144,18608
1735,2020-08-25,Western Australia,216,0.06133088009812941,0,653
1736,2020-08-26,Australian Capital Territory,217,0.0,0,113
1737,2020-08-26,New South Wales,217,0.12520659087494365,9,4006
1738,2020-08-26,Northern Territory,217,0.0,0,33
1739,2020-08-26,Queensland,217,0.1264907842428623,3,1110
1740,2020-08-26,South Australia,217,0.043215211754537596,0,463
1741,2020-08-26,Tasmania,217,0.0,0,230
1742,2020-08-26,Victoria,217,0.7417674640215708,106,18714
1743,2020-08-26,Western Australia,217,0.061293288384921846,0,653
1744,2020-08-27,Australian Capital Territory,218,0.0,0,113
1745,2020-08-27,New South Wales,218,0.16999150042497876,13,4019
1746,2020-08-27,Northern Territory,218,0.0,0,33
1747,2020-08-27,Queensland,218,0.1443522194153735,3,1113
1748,2020-08-27,South Australia,218,0.04319654427645789,0,463
1749,2020-08-27,Tasmania,218,0.0,0,230
1750,2020-08-27,Victoria,218,0.6359078095074135,108,18822
1751,2020-08-27,Western Australia,218,0.09185548071034905,2,655
1752,2020-08-28,Australian Capital Territory,219,0.0,0,113
1753,2020-08-28,New South Wales,219,0.224483687518707,14,4033
1754,2020-08-28,Northern Territory,219,0.0,0,33
1755,2020-08-28,Queensland,219,0.19809112191608141,4,1117
1756,2020-08-28,South Australia,219,0.0,0,463
1757,2020-08-28,Tasmania,219,0.0,0,230
1758,2020-08-28,Victoria,219,0.6127621349359967,81,18903
1759,2020-08-28,Western Australia,219,0.09177118384827165,0,655
1760,2020-08-29,Australian Capital Territory,220,0.0,0,113
1761,2020-08-29,New South Wales,220,0.2438417516795223,7,4040
1762,2020-08-29,Northern Territory,220,0.0,0,33
1763,2020-08-29,Queensland,220,0.26939655172413796,4,1121
1764,2020-08-29,South Australia,220,0.0,0,463
1765,2020-08-29,Tasmania,220,0.0,0,230
1766,2020-08-29,Victoria,220,0.5857838446981778,112,19015
1767,2020-08-29,Western Australia,220,0.06114338122898196,0,655
1768,2020-08-30,Australian Capital Territory,221,0.0,0,113
1769,2020-08-30,New South Wales,221,0.2630534048044471,10,4050
1770,2020-08-30,Northern Territory,221,0.0,0,33
1771,2020-08-30,Queensland,221,0.2686727565824826,1,1122
1772,2020-08-30,South Australia,221,0.0,0,463
1773,2020-08-30,Tasmania,221,0.0,0,230
1774,2020-08-30,Victoria,221,0.4992912602873041,65,19080
1775,2020-08-30,Western Australia,221,0.061106018942865874,0,655
1776,2020-08-31,Australian Capital Territory,222,0.0,0,113
1777,2020-08-31,New South Wales,222,0.28210838901262064,13,4063
1778,2020-08-31,Northern Territory,222,0.0,0,33
1779,2020-08-31,Queensland,222,0.25013400035733424,2,1124
1780,2020-08-31,South Australia,222,0.0,0,463
1781,2020-08-31,Tasmania,222,0.0,0,230
1782,2020-08-31,Victoria,222,0.4465131953073991,58,19138
1783,2020-08-31,Western Australia,222,0.06106870229007634,0,655
1784,2020-09-01,Australian Capital Territory,223,0.0,0,113
1785,2020-09-01,New South Wales,223,0.2960769800148038,16,4079
1786,2020-09-01,Northern Territory,223,0.0,0,33
1787,2020-09-01,Queensland,223,0.23172905525846704,2,1126
1788,2020-09-01,South Australia,223,0.0,0,463
1789,2020-09-01,Tasmania,223,0.0,0,230
1790,2020-09-01,Victoria,223,0.4215604026845638,86,19224
1791,2020-09-01,Western Australia,223,0.0,0,655
1792,2020-09-02,Australian Capital Territory,224,0.0,0,113
1793,2020-09-02,New South Wales,224,0.2853909363775033,12,4091
1794,2020-09-02,Northern Territory,224,0.0,0,33
1795,2020-09-02,Queensland,224,0.19569471624266144,2,1128
1796,2020-09-02,South Australia,224,0.0,0,463
1797,2020-09-02,Tasmania,224,0.0,0,230
1798,2020-09-02,Victoria,224,0.4520163268714833,112,19336
1799,2020-09-02,Western Australia,224,0.0,0,655
1800,2020-09-03,Australian Capital Territory,225,0.0,0,113
1801,2020-09-03,New South Wales,225,0.2894711019527034,8,4099
1802,2020-09-03,Northern Territory,225,0.0,0,33
1803,2020-09-03,Queensland,225,0.12437810945273632,0,1128
1804,2020-09-03,South Australia,225,0.0,0,463
1805,2020-09-03,Tasmania,225,0.0,0,230
1806,2020-09-03,Victoria,225,0.41583067374964916,79,19415
1807,2020-09-03,Western Australia,225,0.0,0,655
1808,2020-09-04,Australian Capital Territory,226,0.0,0,113
1809,2020-09-04,New South Wales,226,0.26423957721667646,5,4104
1810,2020-09-04,Northern Territory,226,0.0,0,33
1811,2020-09-04,Queensland,226,0.12422360248447203,1,1129
1812,2020-09-04,South Australia,226,0.0,0,463
1813,2020-09-04,Tasmania,226,0.08688097306689835,1,231
1814,2020-09-04,Victoria,226,0.4130776875931753,64,19479
1815,2020-09-04,Western Australia,226,0.0,0,655
