seq	region	total_cases
0	Afghanistan	1984.766987
1	Afghanistan	2117.63382
2	Afghanistan	2265.990157
3	Afghanistan	2402.00274
4	Afghanistan	2545.381811
5	Afghanistan	2682.207554
6	Afghanistan	2822.349413
7	Afghanistan	2958.845547
8	Afghanistan	3096.642762
9	Afghanistan	3232.260244
10	Afghanistan	3368.181144
11	Afghanistan	3502.666767
12	Afghanistan	3636.965984
13	Afghanistan	3770.212744
14	Albania	761.9350634
15	Albania	773.9551568
16	Albania	785.3806486
17	Albania	796.4987788
18	Albania	807.2592801
19	Albania	817.7232795
20	Albania	827.9094083
21	Albania	837.8471282
22	Albania	847.5587511
23	Albania	857.0659581
24	Albania	866.3878513
25	Albania	875.541889
26	Albania	884.5438216
27	Albania	893.4079125
28	Algeria	3777.837419
29	Algeria	3903.715521
30	Algeria	4026.728455
31	Algeria	4146.994021
32	Algeria	4264.617306
33	Algeria	4379.700869
34	Algeria	4492.342596
35	Algeria	4602.636014
36	Algeria	4710.670853
37	Algeria	4816.533041
38	Algeria	4920.304854
39	Algeria	5022.065585
40	Algeria	5121.891049
41	Algeria	5219.854189
42	Andorra	746.7927435
43	Andorra	749.2122493
44	Andorra	753.1353057
45	Andorra	756.8227777
46	Andorra	761.2013816
47	Andorra	765.6725474
48	Andorra	770.5231863
49	Andorra	775.5373798
50	Andorra	780.7946378
51	Andorra	786.2096677
52	Andorra	791.7967087
53	Andorra	797.5167996
54	Andorra	803.3652163
55	Andorra	809.3207022
56	Angola	27.23011338
57	Angola	27.48395457
58	Angola	27.7525303
59	Angola	28.02586195
60	Angola	28.3009898
61	Angola	28.57676619
62	Angola	28.85277961
63	Angola	29.12887925
64	Angola	29.40501026
65	Angola	29.68115259
66	Angola	29.95729892
67	Angola	30.23344661
68	Angola	30.50959468
69	Angola	30.78574278
70	Antigua and Barbuda	24.23603583
71	Antigua and Barbuda	24.49015171
72	Antigua and Barbuda	24.73836325
73	Antigua and Barbuda	24.98556398
74	Antigua and Barbuda	25.23286967
75	Antigua and Barbuda	25.48021465
76	Antigua and Barbuda	25.72755942
77	Antigua and Barbuda	25.97490296
78	Antigua and Barbuda	26.22224643
79	Antigua and Barbuda	26.46958994
80	Antigua and Barbuda	26.71693347
81	Antigua and Barbuda	26.96427698
82	Antigua and Barbuda	27.21162049
83	Antigua and Barbuda	27.45896404
84	Argentina	4227.835661
85	Argentina	4328.188321
86	Argentina	4417.007694
87	Argentina	4502.166204
88	Argentina	4580.564147
89	Argentina	4655.153774
90	Argentina	4725.28507
91	Argentina	4792.218124
92	Argentina	4856.006067
93	Argentina	4917.284891
94	Argentina	4976.269015
95	Argentina	5033.33527
96	Argentina	5088.70095
97	Argentina	5142.615885
98	Armenia	1923.618839
99	Armenia	1977.845604
100	Armenia	2029.91618
101	Armenia	2079.946546
102	Armenia	2128.088164
103	Armenia	2174.463345
104	Armenia	2219.193935
105	Armenia	2262.389969
106	Armenia	2304.155301
107	Armenia	2344.585884
108	Armenia	2383.771625
109	Armenia	2421.795923
110	Armenia	2458.736653
111	Armenia	2494.666297
112	Australia	6761.01542
113	Australia	6783.953031
114	Australia	6806.142421
115	Australia	6831.110827
116	Australia	6856.800356
117	Australia	6884.223071
118	Australia	6912.712371
119	Australia	6942.529521
120	Australia	6973.429111
121	Australia	7005.453354
122	Australia	7038.489797
123	Australia	7072.515215
124	Australia	7107.462959
125	Australia	7143.29334
126	Austria	15430.37861
127	Austria	15514.42239
128	Austria	15599.02656
129	Austria	15688.58329
130	Austria	15780.60719
131	Austria	15875.94401
132	Austria	15973.8483
133	Austria	16074.37447
134	Austria	16177.21422
135	Austria	16282.24881
136	Austria	16389.29453
137	Austria	16498.21161
138	Austria	16608.86665
139	Austria	16721.12512
140	Azerbaijan	1752.034226
141	Azerbaijan	1787.241152
142	Azerbaijan	1821.021156
143	Azerbaijan	1854.10229
144	Azerbaijan	1886.261656
145	Azerbaijan	1917.658643
146	Azerbaijan	1948.293257
147	Azerbaijan	1978.226427
148	Azerbaijan	2007.49081
149	Azerbaijan	2036.127187
150	Azerbaijan	2064.169879
151	Azerbaijan	2091.652807
152	Azerbaijan	2118.607335
153	Azerbaijan	2145.063289
154	Bahamas	80.44552456
155	Bahamas	80.95776616
156	Bahamas	81.61146953
157	Bahamas	82.30605235
158	Bahamas	83.04851857
159	Bahamas	83.81022769
160	Bahamas	84.58895968
161	Bahamas	85.37592517
162	Bahamas	86.16915222
163	Bahamas	86.96574921
164	Bahamas	87.76470038
165	Bahamas	88.5649992
166	Bahamas	89.36619475
167	Bahamas	90.16792191
168	Bahrain	2879.523766
169	Bahrain	2938.706003
170	Bahrain	2990.079616
171	Bahrain	3035.840295
172	Bahrain	3077.421742
173	Bahrain	3115.917255
174	Bahrain	3152.129582
175	Bahrain	3186.653113
176	Bahrain	3219.927008
177	Bahrain	3252.276168
178	Bahrain	3283.941071
179	Bahrain	3315.099839
180	Bahrain	3345.88388
181	Bahrain	3376.390416
182	Bangladesh	6993.80216
183	Bangladesh	7527.698668
184	Bangladesh	8058.360624
185	Bangladesh	8587.308365
186	Bangladesh	9114.160075
187	Bangladesh	9639.055167
188	Bangladesh	10164.49548
189	Bangladesh	10687.32249
190	Bangladesh	11208.45275
191	Bangladesh	11727.65877
192	Bangladesh	12245.03711
193	Bangladesh	12760.59491
194	Bangladesh	13274.36041
195	Bangladesh	13786.35317
196	Barbados	80.63881307
197	Barbados	81.27956318
198	Barbados	82.02132246
199	Barbados	82.78857503
200	Barbados	83.5780865
201	Barbados	84.37716296
202	Barbados	85.18212998
203	Barbados	85.99007239
204	Barbados	86.7996843
205	Barbados	87.61018071
206	Barbados	88.42116002
207	Barbados	89.23239844
208	Barbados	90.04377665
209	Barbados	90.85522986
210	Belarus	12987.47647
211	Belarus	13731.6747
212	Belarus	14407.86606
213	Belarus	15037.6357
214	Belarus	15619.79055
215	Belarus	16161.55786
216	Belarus	16666.06946
217	Belarus	17137.49221
218	Belarus	17579.00546
219	Belarus	17993.70752
220	Belarus	18384.27887
221	Belarus	18753.17862
222	Belarus	19102.57914
223	Belarus	19434.44029
224	Belgium	47929.11593
225	Belgium	48529.66464
226	Belgium	49114.55974
227	Belgium	49692.74459
228	Belgium	50261.64857
229	Belgium	50823.05373
230	Belgium	51376.99929
231	Belgium	51924.17804
232	Belgium	52464.90277
233	Belgium	52999.6509
234	Belgium	53528.79624
235	Belgium	54052.73397
236	Belgium	54571.76826
237	Belgium	55086.20903
238	Belize	18.06760098
239	Belize	18.14638103
240	Belize	18.25737969
241	Belize	18.37873055
242	Belize	18.51627368
243	Belize	18.66114887
244	Belize	18.81451693
245	Belize	18.97258705
246	Belize	19.13525469
247	Belize	19.30079799
248	Belize	19.46888532
249	Belize	19.63868735
250	Belize	19.80991777
251	Belize	19.98215604
252	Benin	64.67768266
253	Benin	65.35114844
254	Benin	66.01112814
255	Benin	66.67127587
256	Benin	67.33169164
257	Benin	67.99210252
258	Benin	68.65250805
259	Benin	69.31291384
260	Benin	69.9733197
261	Benin	70.63372568
262	Benin	71.29413143
263	Benin	71.95453746
264	Benin	72.61494352
265	Benin	73.27534961
266	Bhutan	7.060070893
267	Bhutan	7.116530328
268	Bhutan	7.186418337
269	Bhutan	7.254704397
270	Bhutan	7.326041282
271	Bhutan	7.396842098
272	Bhutan	7.468346595
273	Bhutan	7.539690688
274	Bhutan	7.611199315
275	Bhutan	7.682662658
276	Bhutan	7.754164911
277	Bhutan	7.825654792
278	Bhutan	7.897153935
279	Bhutan	7.968649741
280	Bolivia	1091.99954
281	Bolivia	1126.401397
282	Bolivia	1157.838428
283	Bolivia	1186.517544
284	Bolivia	1212.872218
285	Bolivia	1237.219874
286	Bolivia	1259.844793
287	Bolivia	1280.98866
288	Bolivia	1300.859572
289	Bolivia	1319.636151
290	Bolivia	1337.471913
291	Bolivia	1354.498775
292	Bolivia	1370.830081
293	Bolivia	1386.563164
294	Bosnia and Herzegovina	1623.417581
295	Bosnia and Herzegovina	1647.328773
296	Bosnia and Herzegovina	1679.796652
297	Bosnia and Herzegovina	1704.851039
298	Bosnia and Herzegovina	1733.724688
299	Bosnia and Herzegovina	1758.678245
300	Bosnia and Herzegovina	1785.193937
301	Bosnia and Herzegovina	1809.528546
302	Bosnia and Herzegovina	1834.366926
303	Bosnia and Herzegovina	1857.905609
304	Bosnia and Herzegovina	1881.466894
305	Bosnia and Herzegovina	1904.188249
306	Bosnia and Herzegovina	1926.72718
307	Bosnia and Herzegovina	1948.67687
308	Botswana	23.23078245
309	Botswana	23.42354869
310	Botswana	23.66201629
311	Botswana	23.90149987
312	Botswana	24.13829962
313	Botswana	24.37511055
314	Botswana	24.61207735
315	Botswana	24.84903949
316	Botswana	25.08599275
317	Botswana	25.32294653
318	Botswana	25.55990085
319	Botswana	25.79685519
320	Botswana	26.03380954
321	Botswana	26.2707639
322	Brazil	78607.47495
323	Brazil	84051.89363
324	Brazil	89440.87377
325	Brazil	94808.7921
326	Brazil	100146.6756
327	Brazil	105457.6752
328	Brazil	110741.4746
329	Brazil	115998.7298
330	Brazil	121230.0529
331	Brazil	126435.509
332	Brazil	131615.6688
333	Brazil	136770.9709
334	Brazil	141901.6905
335	Brazil	147008.1604
336	Brunei	138.4550072
337	Brunei	138.9636396
338	Brunei	139.7237717
339	Brunei	140.5424537
340	Brunei	141.5036102
341	Brunei	142.5131331
342	Brunei	143.6051886
343	Brunei	144.7330617
344	Brunei	145.9096806
345	Brunei	147.1113712
346	Brunei	148.3423216
347	Brunei	149.5902523
348	Brunei	150.855978
349	Brunei	152.1329675
350	Bulgaria	1439.357153
351	Bulgaria	1472.586439
352	Bulgaria	1504.141335
353	Bulgaria	1532.571376
354	Bulgaria	1559.065845
355	Bulgaria	1583.661364
356	Bulgaria	1606.772508
357	Bulgaria	1628.593732
358	Bulgaria	1649.349366
359	Bulgaria	1669.203359
360	Bulgaria	1688.302893
361	Bulgaria	1706.767729
362	Bulgaria	1724.699835
363	Bulgaria	1742.184309
364	Burkina Faso	641.7183754
365	Burkina Faso	645.6192119
366	Burkina Faso	649.9333237
367	Burkina Faso	654.4456287
368	Burkina Faso	659.219469
369	Burkina Faso	664.1610411
370	Burkina Faso	669.2789148
371	Burkina Faso	674.5273326
372	Burkina Faso	679.8990682
373	Burkina Faso	685.3688999
374	Burkina Faso	690.9267333
375	Burkina Faso	696.5571059
376	Burkina Faso	702.2509362
377	Burkina Faso	707.9979997
378	Burma	151.458285
379	Burma	153.9738202
380	Burma	155.6934091
381	Burma	157.66499
382	Burma	159.3696222
383	Burma	161.1171734
384	Burma	162.7659042
385	Burma	164.4100822
386	Burma	166.0131156
387	Burma	167.6051446
388	Burma	169.1780086
389	Burma	170.7421337
390	Burma	172.2965218
391	Burma	173.8451882
392	Burundi	11.11482292
393	Burundi	11.22642264
394	Burundi	11.33989054
395	Burundi	11.45325607
396	Burundi	11.56665341
397	Burundi	11.68004825
398	Burundi	11.79344366
399	Burundi	11.906839
400	Burundi	12.02023436
401	Burundi	12.13362971
402	Burundi	12.24702506
403	Burundi	12.3604204
404	Burundi	12.47381575
405	Burundi	12.58721109
406	Cabo Verde	0
407	Cabo Verde	0
408	Cabo Verde	0
409	Cabo Verde	0
410	Cabo Verde	0
411	Cabo Verde	0
412	Cabo Verde	0
413	Cabo Verde	0
414	Cabo Verde	0
415	Cabo Verde	0
416	Cabo Verde	0
417	Cabo Verde	0
418	Cabo Verde	0
419	Cabo Verde	0
420	Cambodia	122.7892505
421	Cambodia	123.6343888
422	Cambodia	124.7111912
423	Cambodia	125.8205292
424	Cambodia	126.9990338
425	Cambodia	128.1918286
426	Cambodia	129.4056059
427	Cambodia	130.624995
428	Cambodia	131.8508392
429	Cambodia	133.0787604
430	Cambodia	134.3086931
431	Cambodia	135.5393675
432	Cambodia	136.7706735
433	Cambodia	138.0022376
434	Cameroon	1740.475528
435	Cameroon	1755.918039
436	Cameroon	1778.819116
437	Cameroon	1796.741124
438	Cameroon	1816.079365
439	Cameroon	1834.092587
440	Cameroon	1852.299347
441	Cameroon	1870.116774
442	Cameroon	1887.91925
443	Cameroon	1905.592935
444	Cameroon	1923.236145
445	Cameroon	1940.831759
446	Cameroon	1958.408049
447	Cameroon	1975.964981
448	Canada	52649.01552
449	Canada	54107.96802
450	Canada	55532.3861
451	Canada	56921.66878
452	Canada	58278.53945
453	Canada	59603.80512
454	Canada	60899.17777
455	Canada	62165.76071
456	Canada	63404.88035
457	Canada	64617.66596
458	Canada	65805.31535
459	Canada	66968.80834
460	Canada	68109.23335
461	Canada	69227.58632
462	Central African Republic	50.02151743
463	Central African Republic	81.32678778
464	Central African Republic	81.35755024
465	Central African Republic	0
466	Chad	54.16262947
467	Chad	54.80801624
468	Chad	55.27669475
469	Chad	55.79776417
470	Chad	56.34602013
471	Chad	56.89855829
472	Chad	57.45047933
473	Chad	58.00192983
474	Chad	58.55328642
475	Chad	59.10464798
476	Chad	59.65601732
477	Chad	60.20738858
478	Chad	60.75875978
479	Chad	61.31013086
480	Chile	14882.60511
481	Chile	15409.80859
482	Chile	15928.18934
483	Chile	16445.57936
484	Chile	16958.76162
485	Chile	17469.16897
486	Chile	17976.27365
487	Chile	18480.36688
488	Chile	18981.40308
489	Chile	19479.47199
490	Chile	19974.60355
491	Chile	20466.84905
492	Chile	20956.24845
493	Chile	21442.85456
494	China	84294.8302
495	China	84792.61467
496	China	85405.04657
497	China	86089.09124
498	China	86822.19701
499	China	87587.95566
500	China	88375.48605
501	China	89177.56104
502	China	89989.26765
503	China	90807.32195
504	China	91629.96997
505	China	92455.4382
506	China	93283.07847
507	China	94112.00784
508	Colombia	6215.308099
509	Colombia	6511.375263
510	Colombia	6777.679793
511	Colombia	7045.99934
512	Colombia	7300.408064
513	Colombia	7549.852477
514	Colombia	7790.256063
515	Colombia	8024.314824
516	Colombia	8251.155232
517	Colombia	8471.744436
518	Colombia	8686.060528
519	Colombia	8894.573491
520	Colombia	9097.472856
521	Colombia	9295.074298
522	Comoros	0
523	Comoros	0
524	Comoros	0
525	Comoros	0
526	Comoros	0
527	Comoros	0
528	Comoros	0
529	Comoros	0
530	Comoros	0
531	Comoros	0
532	Comoros	0
533	Comoros	0
534	Comoros	0
535	Comoros	0
536	Congo (Brazzaville)	208.3303096
537	Congo (Brazzaville)	211.9645058
538	Congo (Brazzaville)	213.8023939
539	Congo (Brazzaville)	216.3967099
540	Congo (Brazzaville)	218.4208725
541	Congo (Brazzaville)	220.6928785
542	Congo (Brazzaville)	222.7836059
543	Congo (Brazzaville)	224.9553984
544	Congo (Brazzaville)	227.0694597
545	Congo (Brazzaville)	229.2099976
546	Congo (Brazzaville)	231.3321255
547	Congo (Brazzaville)	233.4628846
548	Congo (Brazzaville)	235.5877596
549	Congo (Brazzaville)	237.7154469
550	Congo (Kinshasa)	483.5375003
551	Congo (Kinshasa)	493.8598524
552	Congo (Kinshasa)	503.8465249
553	Congo (Kinshasa)	512.698726
554	Congo (Kinshasa)	521.0906498
555	Congo (Kinshasa)	528.8245909
556	Congo (Kinshasa)	536.166104
557	Congo (Kinshasa)	543.0924519
558	Congo (Kinshasa)	549.7229255
559	Congo (Kinshasa)	556.0784999
560	Congo (Kinshasa)	562.2210712
561	Congo (Kinshasa)	568.1770044
562	Congo (Kinshasa)	573.982547
563	Congo (Kinshasa)	579.6597886
564	Costa Rica	711.3987799
565	Costa Rica	718.196888
566	Costa Rica	724.8698743
567	Costa Rica	731.5571822
568	Costa Rica	738.2235234
569	Costa Rica	744.8794693
570	Costa Rica	751.5234213
571	Costa Rica	758.1568899
572	Costa Rica	764.7804831
573	Costa Rica	771.3949681
574	Costa Rica	778.0009912
575	Costa Rica	784.5991812
576	Costa Rica	791.1901018
577	Costa Rica	797.7742743
578	Cote d'Ivoire	1197.348134
579	Cote d'Ivoire	1212.532671
580	Cote d'Ivoire	1226.148674
581	Cote d'Ivoire	1239.725805
582	Cote d'Ivoire	1252.701147
583	Cote d'Ivoire	1265.52552
584	Cote d'Ivoire	1278.088101
585	Cote d'Ivoire	1290.534275
586	Cote d'Ivoire	1302.855015
587	Cote d'Ivoire	1315.103278
588	Cote d'Ivoire	1327.287638
589	Cote d'Ivoire	1339.42999
590	Cote d'Ivoire	1351.538629
591	Cote d'Ivoire	1363.623701
592	Croatia	2056.057348
593	Croatia	2065.014413
594	Croatia	2074.487478
595	Croatia	2084.115638
596	Croatia	2094.077826
597	Croatia	2104.256299
598	Croatia	2114.697807
599	Croatia	2125.359208
600	Croatia	2136.247743
601	Croatia	2147.343684
602	Croatia	2158.642838
603	Croatia	2170.133275
604	Croatia	2181.807942
605	Croatia	2193.657683
606	Cuba	1471.121624
607	Cuba	1510.961067
608	Cuba	1547.378761
609	Cuba	1584.667831
610	Cuba	1620.840647
611	Cuba	1656.845602
612	Cuba	1692.257627
613	Cuba	1727.293316
614	Cuba	1761.868649
615	Cuba	1796.039648
616	Cuba	1829.796338
617	Cuba	1863.159141
618	Cuba	1896.133752
619	Cuba	1928.732313
620	Cyprus	847.7147452
621	Cyprus	859.6262603
622	Cyprus	870.6834802
623	Cyprus	881.7018448
624	Cyprus	892.4017259
625	Cyprus	902.9180614
626	Cyprus	913.2253744
627	Cyprus	923.3570764
628	Cyprus	933.3221003
629	Cyprus	943.1368269
630	Cyprus	952.8131232
631	Cyprus	962.3630063
632	Cyprus	971.7970279
633	Cyprus	981.1250015
634	Czechia	7555.664918
635	Czechia	7612.102619
636	Czechia	7667.395413
637	Czechia	7724.312723
638	Czechia	7781.445656
639	Czechia	7839.402771
640	Czechia	7897.826209
641	Czechia	7956.828855
642	Czechia	8016.299901
643	Czechia	8076.241389
644	Czechia	8136.602966
645	Czechia	8197.364683
646	Czechia	8258.494356
647	Czechia	8319.968417
648	Denmark	9195.983457
649	Denmark	9339.78849
650	Denmark	9480.421603
651	Denmark	9618.081393
652	Denmark	9752.941951
653	Denmark	9885.165191
654	Denmark	10014.90411
655	Denmark	10142.30394
656	Denmark	10267.50051
657	Denmark	10390.62201
658	Denmark	10511.78766
659	Denmark	10631.1105
660	Denmark	10748.69687
661	Denmark	10864.64659
662	Diamond Princess	713.9730568
663	Diamond Princess	716.7562155
664	Diamond Princess	720.4654176
665	Diamond Princess	724.7985778
666	Diamond Princess	729.6666067
667	Diamond Princess	734.9421798
668	Diamond Princess	740.5460777
669	Diamond Princess	746.4075854
670	Diamond Princess	752.4737941
671	Diamond Princess	758.7016637
672	Diamond Princess	765.05761
673	Diamond Princess	771.5148381
674	Diamond Princess	778.0523032
675	Diamond Princess	784.6532332
676	Djibouti	1089.619956
677	Djibouti	1115.993207
678	Djibouti	1134.12982
679	Djibouti	1154.997243
680	Djibouti	1172.133613
681	Djibouti	1189.853806
682	Djibouti	1205.732156
683	Djibouti	1221.493826
684	Djibouti	1236.25213
685	Djibouti	1250.71651
686	Djibouti	1264.580718
687	Djibouti	1278.150188
688	Djibouti	1291.333117
689	Djibouti	1304.27011
690	Dominica	16.10755475
691	Dominica	16.25921016
692	Dominica	16.42166778
693	Dominica	16.58556897
694	Dominica	16.74933053
695	Dominica	16.91293697
696	Dominica	17.07648919
697	Dominica	17.24002966
698	Dominica	17.40356894
699	Dominica	17.56710851
700	Dominica	17.73064823
701	Dominica	17.89418796
702	Dominica	18.05772764
703	Dominica	18.22126727
704	Dominican Republic	6554.120383
705	Dominican Republic	6675.627288
706	Dominican Republic	6801.369134
707	Dominican Republic	6918.363781
708	Dominican Republic	7035.348602
709	Dominican Republic	7147.071044
710	Dominican Republic	7257.249319
711	Dominican Republic	7363.811441
712	Dominican Republic	7468.386662
713	Dominican Republic	7570.206098
714	Dominican Republic	7670.023616
715	Dominican Republic	7767.597544
716	Dominican Republic	7863.309509
717	Dominican Republic	7957.125334
718	Ecuador	24527.90947
719	Ecuador	24797.59088
720	Ecuador	25048.76876
721	Ecuador	25299.4197
722	Ecuador	25549.77585
723	Ecuador	25800.12039
724	Ecuador	26050.43044
725	Ecuador	26300.72128
726	Ecuador	26551.03129
727	Ecuador	26801.34978
728	Ecuador	27051.69953
729	Ecuador	27301.9472
730	Ecuador	27552.28834
731	Ecuador	27802.63009
732	Egypt	5294.352234
733	Egypt	5550.829369
734	Egypt	5803.970971
735	Egypt	6057.848525
736	Egypt	6310.262551
737	Egypt	6562.423019
738	Egypt	6813.685415
739	Egypt	7065.430409
740	Egypt	7315.905717
741	Egypt	7566.07679
742	Egypt	7815.43057
743	Egypt	8064.25887
744	Egypt	8312.414079
745	Egypt	8559.987806
746	El Salvador	367.2875731
747	El Salvador	388.0826056
748	El Salvador	408.4625276
749	El Salvador	427.8863261
750	El Salvador	446.7233555
751	El Salvador	464.8249412
752	El Salvador	482.3317101
753	El Salvador	499.2175911
754	El Salvador	515.5477578
755	El Salvador	531.3329976
756	El Salvador	546.6122261
757	El Salvador	561.4059729
758	El Salvador	575.7428525
759	El Salvador	589.6447165
760	Equatorial Guinea	333.880108
761	Equatorial Guinea	336.5855998
762	Equatorial Guinea	338.3080213
763	Equatorial Guinea	341.2789907
764	Equatorial Guinea	344.6964645
765	Equatorial Guinea	348.1225499
766	Equatorial Guinea	351.5088892
767	Equatorial Guinea	354.883142
768	Equatorial Guinea	358.2577247
769	Equatorial Guinea	361.6335551
770	Equatorial Guinea	365.0097071
771	Equatorial Guinea	368.3858307
772	Equatorial Guinea	371.7619163
773	Equatorial Guinea	375.138004
774	Eritrea	39.18692534
775	Eritrea	39.3690956
776	Eritrea	39.65222687
777	Eritrea	39.93022393
778	Eritrea	40.2628377
779	Eritrea	40.59129022
780	Eritrea	40.94933442
781	Eritrea	41.30437807
782	Eritrea	41.67547895
783	Eritrea	42.04454956
784	Eritrea	42.42234596
785	Eritrea	42.7988223
786	Eritrea	43.18004695
787	Eritrea	43.56043624
788	Estonia	1671.090372
789	Estonia	1684.083461
790	Estonia	1697.32636
791	Estonia	1711.257013
792	Estonia	1725.563876
793	Estonia	1740.244226
794	Estonia	1755.202147
795	Estonia	1770.394933
796	Estonia	1785.774791
797	Estonia	1801.307798
798	Estonia	1816.964637
799	Estonia	1832.722169
800	Estonia	1848.561352
801	Estonia	1864.466926
802	Eswatini	74.11301859
803	Eswatini	76.37832278
804	Eswatini	77.95276886
805	Eswatini	79.1945218
806	Eswatini	80.23275835
807	Eswatini	81.16025269
808	Eswatini	82.02403401
809	Eswatini	82.85212608
810	Eswatini	83.65996608
811	Eswatini	84.45638306
812	Eswatini	85.2463374
813	Eswatini	86.03263968
814	Eswatini	86.81687663
815	Eswatini	87.59994503
816	Ethiopia	127.2777537
817	Ethiopia	128.912336
818	Ethiopia	130.2562091
819	Ethiopia	131.7208748
820	Ethiopia	133.0639109
821	Ethiopia	134.4432128
822	Ethiopia	135.7687491
823	Ethiopia	137.1017272
824	Ethiopia	138.4092089
825	Ethiopia	139.7153224
826	Ethiopia	141.0083587
827	Ethiopia	142.2980871
828	Ethiopia	143.5805821
829	Ethiopia	144.8599634
830	Fiji	18.09023527
831	Fiji	18.18247962
832	Fiji	18.31736735
833	Fiji	18.45415339
834	Fiji	18.61112075
835	Fiji	18.76943421
836	Fiji	18.93731201
837	Fiji	19.1060387
838	Fiji	19.27930424
839	Fiji	19.45307183
840	Fiji	19.6289961
841	Fiji	19.80520543
842	Fiji	19.98244071
843	Fiji	20.15983324
844	Finland	4830.551487
845	Finland	4887.870828
846	Finland	4964.273931
847	Finland	5025.381866
848	Finland	5094.124449
849	Finland	5155.519777
850	Finland	5219.644486
851	Finland	5279.989
852	Finland	5341.003378
853	Finland	5399.877072
854	Finland	5458.593187
855	Finland	5515.953894
856	Finland	5572.857677
857	Finland	5628.807937
858	France	171673.1795
859	France	174000.2584
860	France	176126.1411
861	France	178121.815
862	France	180032.2199
863	France	181883.5235
864	France	183697.88
865	France	185486.7172
866	France	187258.4773
867	France	189020.5356
868	France	190774.7113
869	France	192523.7787
870	France	194269.5816
871	France	196011.9714
872	Gabon	0
873	Gabon	0
874	Gabon	0
875	Gabon	0
876	Gabon	0
877	Gabon	0
878	Gabon	0
879	Gabon	0
880	Gabon	0
881	Gabon	0
882	Gabon	0
883	Gabon	0
884	Gabon	0
885	Gabon	0
886	Gambia	10.10707694
887	Gambia	10.21399409
888	Gambia	10.31709402
889	Gambia	10.42020539
890	Gambia	10.52345289
891	Gambia	10.6266998
892	Gambia	10.72994187
893	Gambia	10.83318397
894	Gambia	10.93642626
895	Gambia	11.03966856
896	Gambia	11.14291086
897	Gambia	11.24615318
898	Gambia	11.3493955
899	Gambia	11.45263784
900	Georgia	521.7730383
901	Georgia	533.3257695
902	Georgia	543.3205643
903	Georgia	553.3259266
904	Georgia	562.481031
905	Georgia	571.4146592
906	Georgia	579.8233106
907	Georgia	587.9702471
908	Georgia	595.7595095
909	Georgia	603.3096565
910	Georgia	610.5997646
911	Georgia	617.6891901
912	Georgia	624.5823067
913	Georgia	631.3128066
914	Germany	161072.2138
915	Germany	162245.9716
916	Germany	163432.2066
917	Germany	164630.4969
918	Germany	165839.4443
919	Germany	167058.7367
920	Germany	168287.2143
921	Germany	169524.7906
922	Germany	170770.9302
923	Germany	172025.0445
924	Germany	173286.7836
925	Germany	174555.7158
926	Germany	175830.9044
927	Germany	177112.0893
928	Ghana	1690.27183
929	Ghana	1744.485953
930	Ghana	1765.488256
931	Ghana	1796.295254
932	Ghana	1816.133458
933	Ghana	1838.599324
934	Ghana	1857.394517
935	Ghana	1876.838941
936	Ghana	1895.03708
937	Ghana	1913.369982
938	Ghana	1931.273126
939	Ghana	1949.191216
940	Ghana	1966.958537
941	Ghana	1984.719832
942	Greece	2588.555725
943	Greece	2616.616482
944	Greece	2641.096386
945	Greece	2667.567936
946	Greece	2692.656495
947	Greece	2718.443346
948	Greece	2743.677532
949	Greece	2769.139061
950	Greece	2794.366155
951	Greece	2819.653191
952	Greece	2844.83114
953	Greece	2870.012528
954	Greece	2895.13697
955	Greece	2920.248523
956	Grenada	19.18461655
957	Grenada	19.32968587
958	Grenada	19.52742314
959	Grenada	19.7261334
960	Grenada	19.9214862
961	Grenada	20.11687487
962	Grenada	20.31247488
963	Grenada	20.5080665
964	Grenada	20.70364506
965	Grenada	20.89922457
966	Grenada	21.0948049
967	Grenada	21.2903852
968	Grenada	21.4859655
969	Grenada	21.68154583
970	Guatemala	539.0556509
971	Guatemala	544.9332908
972	Guatemala	551.5358312
973	Guatemala	557.6776915
974	Guatemala	563.7686781
975	Guatemala	569.7104516
976	Guatemala	575.5598786
977	Guatemala	581.3208645
978	Guatemala	587.0105721
979	Guatemala	592.6390993
980	Guatemala	598.2163299
981	Guatemala	603.7501745
982	Guatemala	609.2474296
983	Guatemala	614.7137845
984	Guinea	1355.540635
985	Guinea	1440.48747
986	Guinea	1533.226029
987	Guinea	1613.552299
988	Guinea	1693.103318
989	Guinea	1766.128301
990	Guinea	1836.298093
991	Guinea	1902.109598
992	Guinea	1964.838717
993	Guinea	2024.211459
994	Guinea	2080.765056
995	Guinea	2134.56435
996	Guinea	2185.903688
997	Guinea	2234.926621
998	Guinea-Bissau	75.04268673
999	Guinea-Bissau	75.74646323
1000	Guinea-Bissau	76.59642607
1001	Guinea-Bissau	77.35663964
1002	Guinea-Bissau	78.12726852
1003	Guinea-Bissau	78.89187332
1004	Guinea-Bissau	79.65721744
1005	Guinea-Bissau	80.42215677
1006	Guinea-Bissau	81.18714804
1007	Guinea-Bissau	81.95211211
1008	Guinea-Bissau	82.71707946
1009	Guinea-Bissau	83.48204481
1010	Guinea-Bissau	84.24701035
1011	Guinea-Bissau	85.01197578
1012	Guyana	74.8157643
1013	Guyana	75.66400024
1014	Guyana	76.42740403
1015	Guyana	77.18400176
1016	Guyana	77.9492885
1017	Guyana	78.71564046
1018	Guyana	79.48111706
1019	Guyana	80.24644647
1020	Guyana	81.01186263
1021	Guyana	81.7772982
1022	Guyana	82.54272567
1023	Guyana	83.30815087
1024	Guyana	84.0735772
1025	Guyana	84.83900385
1026	Haiti	76.85299107
1027	Haiti	77.52314346
1028	Haiti	78.29705406
1029	Haiti	79.05790974
1030	Haiti	79.83269941
1031	Haiti	80.6074849
1032	Haiti	81.38439078
1033	Haiti	82.16159723
1034	Haiti	82.93916882
1035	Haiti	83.71683761
1036	Haiti	84.49457512
1037	Haiti	85.27233659
1038	Haiti	86.05011146
1039	Haiti	86.82789123
1040	Holy See	10.05397959
1041	Holy See	10.10463805
1042	Holy See	10.21303739
1043	Holy See	10.31812922
1044	Holy See	10.41990879
1045	Holy See	10.52209104
1046	Holy See	10.62445046
1047	Holy See	10.7267746
1048	Holy See	10.82909014
1049	Holy See	10.93140836
1050	Holy See	11.03372698
1051	Holy See	11.13604542
1052	Holy See	11.23836388
1053	Holy See	11.34068235
1054	Honduras	728.2340837
1055	Honduras	751.5054985
1056	Honduras	769.6447064
1057	Honduras	785.2395246
1058	Honduras	798.5442533
1059	Honduras	810.3700549
1060	Honduras	821.058933
1061	Honduras	830.9527653
1062	Honduras	840.2616683
1063	Honduras	849.1517972
1064	Honduras	857.737654
1065	Honduras	866.1041384
1066	Honduras	874.311771
1067	Honduras	882.404638
1068	Hungary	2714.266607
1069	Hungary	2773.62866
1070	Hungary	2829.756369
1071	Hungary	2882.320435
1072	Hungary	2932.022586
1073	Hungary	2979.111503
1074	Hungary	3023.94152
1075	Hungary	3066.773414
1076	Hungary	3107.854572
1077	Hungary	3147.395393
1078	Hungary	3185.583089
1079	Hungary	3222.581263
1080	Hungary	3258.534053
1081	Hungary	3293.567643
1082	Iceland	1798.382997
1083	Iceland	1802.972674
1084	Iceland	1808.359173
1085	Iceland	1814.588208
1086	Iceland	1821.549233
1087	Iceland	1829.196244
1088	Iceland	1837.467053
1089	Iceland	1846.311963
1090	Iceland	1855.68276
1091	Iceland	1865.536163
1092	Iceland	1875.832314
1093	Iceland	1886.534707
1094	Iceland	1897.6098
1095	Iceland	1909.026948
1096	India	33005.58792
1097	India	34774.72276
1098	India	36495.60968
1099	India	38225.6291
1100	India	39933.30113
1101	India	41653.29291
1102	India	43366.39757
1103	India	45067.06118
1104	India	46758.61765
1105	India	48439.49367
1106	India	50110.79919
1107	India	51772.14878
1108	India	53423.99556
1109	India	55066.33173
1110	Indonesia	9826.942887
1111	Indonesia	10182.00771
1112	Indonesia	10512.79507
1113	Indonesia	10848.62613
1114	Indonesia	11176.15845
1115	Indonesia	11501.68008
1116	Indonesia	11822.43847
1117	Indonesia	12139.83798
1118	Indonesia	12453.36414
1119	Indonesia	12763.38267
1120	Indonesia	13069.8496
1121	Indonesia	13372.90752
1122	Indonesia	13672.6074
1123	Indonesia	13969.03809
1124	Iran	93709.24211
1125	Iran	94829.47843
1126	Iran	95941.807
1127	Iran	97045.97014
1128	Iran	98142.03735
1129	Iran	99230.18451
1130	Iran	100310.6315
1131	Iran	101383.5674
1132	Iran	102449.1849
1133	Iran	103507.7193
1134	Iran	104559.3268
1135	Iran	105604.1892
1136	Iran	106642.4815
1137	Iran	107674.3644
1138	Iraq	1985.043383
1139	Iraq	2045.931172
1140	Iraq	2101.279526
1141	Iraq	2154.735441
1142	Iraq	2205.337687
1143	Iraq	2253.717269
1144	Iraq	2299.920747
1145	Iraq	2344.17742
1146	Iraq	2386.631723
1147	Iraq	2427.438977
1148	Iraq	2466.733331
1149	Iraq	2504.640566
1150	Iraq	2541.274929
1151	Iraq	2576.741486
1152	Ireland	20140.78253
1153	Ireland	20387.62741
1154	Ireland	20632.37696
1155	Ireland	20871.58606
1156	Ireland	21106.75764
1157	Ireland	21337.99343
1158	Ireland	21565.74028
1159	Ireland	21790.28115
1160	Ireland	22011.92397
1161	Ireland	22230.92261
1162	Ireland	22447.52466
1163	Ireland	22661.94765
1164	Ireland	22874.38675
1165	Ireland	23085.02225
1166	Israel	15876.29322
1167	Israel	16033.53115
1168	Israel	16186.60786
1169	Israel	16340.74463
1170	Israel	16493.95223
1171	Israel	16647.06142
1172	Israel	16799.80004
1173	Israel	16952.32097
1174	Israel	17104.60395
1175	Israel	17256.69128
1176	Israel	17408.59134
1177	Israel	17560.33606
1178	Israel	17711.93153
1179	Israel	17863.39496
1180	Italy	203430.0658
1181	Italy	205412.5823
1182	Italy	207356.6403
1183	Italy	209303.9877
1184	Italy	211236.999
1185	Italy	213163.5243
1186	Italy	215080.3654
1187	Italy	216989.74
1188	Italy	218890.8977
1189	Italy	220784.1715
1190	Italy	222669.9535
1191	Italy	224548.2789
1192	Italy	226419.8258
1193	Italy	228284.3706
1194	Jamaica	369.3501423
1195	Jamaica	372.5459107
1196	Jamaica	376.5362859
1197	Jamaica	380.1873923
1198	Jamaica	383.9514937
1199	Jamaica	387.6589336
1200	Jamaica	391.3802421
1201	Jamaica	395.0907523
1202	Jamaica	398.8019423
1203	Jamaica	402.510551
1204	Jamaica	406.2186425
1205	Jamaica	409.9259378
1206	Jamaica	413.6328803
1207	Jamaica	417.3395175
1208	Japan	14067.8106
1209	Japan	13937.6709
1210	Japan	14121.74872
1211	Japan	14118.45712
1212	Japan	14248.51173
1213	Japan	14303.85847
1214	Japan	14416.89756
1215	Japan	14501.13238
1216	Japan	14611.13077
1217	Japan	14710.80637
1218	Japan	14822.55229
1219	Japan	14931.23354
1220	Japan	15045.9661
1221	Japan	15160.33873
1222	Jordan	450.6746899
1223	Jordan	452.0471282
1224	Jordan	454.068174
1225	Jordan	456.1856974
1226	Jordan	458.6313107
1227	Jordan	461.2385423
1228	Jordan	464.052361
1229	Jordan	467.0136213
1230	Jordan	470.1214218
1231	Jordan	473.3486892
1232	Jordan	476.6852853
1233	Jordan	480.1153151
1234	Jordan	483.6284787
1235	Jordan	487.2138792
1236	Kazakhstan	3193.416473
1237	Kazakhstan	3358.49022
1238	Kazakhstan	3516.798405
1239	Kazakhstan	3669.999944
1240	Kazakhstan	3818.038329
1241	Kazakhstan	3961.248003
1242	Kazakhstan	4099.85323
1243	Kazakhstan	4234.088123
1244	Kazakhstan	4364.169287
1245	Kazakhstan	4490.303202
1246	Kazakhstan	4612.685304
1247	Kazakhstan	4731.500934
1248	Kazakhstan	4846.925683
1249	Kazakhstan	4959.126408
1250	Kenya	383.131499
1251	Kenya	391.5581723
1252	Kenya	399.2284789
1253	Kenya	406.2996092
1254	Kenya	412.8636366
1255	Kenya	419.0051291
1256	Kenya	424.7932198
1257	Kenya	430.2859567
1258	Kenya	435.5317737
1259	Kenya	440.5711525
1260	Kenya	445.4379203
1261	Kenya	450.1603452
1262	Kenya	454.7620536
1263	Kenya	459.2627939
1264	"Korea, South"	10778.16368
1265	"Korea, South"	10799.86031
1266	"Korea, South"	10826.48008
1267	"Korea, South"	10857.49688
1268	"Korea, South"	10892.63118
1269	"Korea, South"	10931.57457
1270	"Korea, South"	10974.05543
1271	"Korea, South"	11019.81723
1272	"Korea, South"	11068.62252
1273	"Korea, South"	11120.25049
1274	"Korea, South"	11174.5006
1275	"Korea, South"	11231.18087
1276	"Korea, South"	11290.11857
1277	"Korea, South"	11351.15107
1278	Kosovo	801.1825913
1279	Kosovo	810.4618316
1280	Kosovo	819.7277096
1281	Kosovo	828.4099903
1282	Kosovo	836.9733843
1283	Kosovo	845.3351298
1284	Kosovo	853.6208972
1285	Kosovo	861.8300738
1286	Kosovo	870.0009671
1287	Kosovo	878.1409061
1288	Kosovo	886.2630444
1289	Kosovo	894.3722048
1290	Kosovo	902.4733501
1291	Kosovo	910.5689155
1292	Kuwait	3609.053547
1293	Kuwait	3765.88764
1294	Kuwait	3921.804802
1295	Kuwait	4072.750665
1296	Kuwait	4220.469829
1297	Kuwait	4364.50395
1298	Kuwait	4505.219441
1299	Kuwait	4642.661587
1300	Kuwait	4776.989602
1301	Kuwait	4908.312541
1302	Kuwait	5036.750483
1303	Kuwait	5162.413135
1304	Kuwait	5285.407211
1305	Kuwait	5405.835381
1306	Kyrgyzstan	719.4988805
1307	Kyrgyzstan	730.6911371
1308	Kyrgyzstan	741.0173519
1309	Kyrgyzstan	751.0024807
1310	Kyrgyzstan	760.4542
1311	Kyrgyzstan	769.614228
1312	Kyrgyzstan	778.4289057
1313	Kyrgyzstan	787.0166953
1314	Kyrgyzstan	795.3730308
1315	Kyrgyzstan	803.5604017
1316	Kyrgyzstan	811.5891278
1317	Kyrgyzstan	819.4948116
1318	Kyrgyzstan	827.2902285
1319	Kyrgyzstan	834.9970781
1320	Laos	19.06712415
1321	Laos	19.14701488
1322	Laos	19.25925394
1323	Laos	19.38333839
1324	Laos	19.52410101
1325	Laos	19.67331989
1326	Laos	19.83158753
1327	Laos	19.99534982
1328	Laos	20.16419548
1329	Laos	20.33646074
1330	Laos	20.51164573
1331	Laos	20.68891287
1332	Laos	20.86787975
1333	Laos	21.04809972
1334	Latvia	845.69139
1335	Latvia	859.9145839
1336	Latvia	870.6595665
1337	Latvia	883.022084
1338	Latvia	893.8500298
1339	Latvia	905.1740146
1340	Latvia	915.7600684
1341	Latvia	926.4238589
1342	Latvia	936.6878752
1343	Latvia	946.8849414
1344	Latvia	956.8349562
1345	Latvia	966.6778732
1346	Latvia	976.3497347
1347	Latvia	985.9126887
1348	Lebanon	721.5700237
1349	Lebanon	728.0510502
1350	Lebanon	733.4562986
1351	Lebanon	739.7916624
1352	Lebanon	745.6670622
1353	Lebanon	752.007854
1354	Lebanon	758.1651861
1355	Lebanon	764.564634
1356	Lebanon	770.9019647
1357	Lebanon	777.3718414
1358	Lebanon	783.8305978
1359	Lebanon	790.3664177
1360	Lebanon	796.9107105
1361	Lebanon	803.5027441
1362	Liberia	142.9355968
1363	Liberia	150.0382224
1364	Liberia	152.0601128
1365	Liberia	155.6224449
1366	Liberia	157.458102
1367	Liberia	159.7402161
1368	Liberia	161.4305699
1369	Liberia	163.2447722
1370	Liberia	164.8543023
1371	Liberia	166.495717
1372	Liberia	168.0656436
1373	Liberia	169.6426278
1374	Liberia	171.1943822
1375	Liberia	172.7471194
1376	Libya	61.43374227
1377	Libya	62.01368827
1378	Libya	62.62887717
1379	Libya	63.25121296
1380	Libya	63.87481684
1381	Libya	64.49861657
1382	Libya	65.12244111
1383	Libya	65.74626734
1384	Libya	66.3700933
1385	Libya	66.99391904
1386	Libya	67.61774454
1387	Libya	68.24156968
1388	Libya	68.86539461
1389	Libya	69.48921931
1390	Liechtenstein	82.70330971
1391	Liechtenstein	83.42796417
1392	Liechtenstein	84.24586598
1393	Liechtenstein	85.06940908
1394	Liechtenstein	85.90540504
1395	Liechtenstein	86.74252201
1396	Liechtenstein	87.5813132
1397	Liechtenstein	88.42030269
1398	Liechtenstein	89.25951851
1399	Liechtenstein	90.09876698
1400	Liechtenstein	90.93804559
1401	Liechtenstein	91.77732882
1402	Liechtenstein	92.61661608
1403	Liechtenstein	93.4559035
1404	Lithuania	1304.130489
1405	Lithuania	1242.843221
1406	Lithuania	1200.128894
1407	Lithuania	1156.284187
1408	Lithuania	1119.889757
1409	Lithuania	1086.23141
1410	Lithuania	1056.941797
1411	Lithuania	1030.711152
1412	Lithuania	1007.672231
1413	Lithuania	987.3224823
1414	Lithuania	969.5019631
1415	Lithuania	953.9266066
1416	Lithuania	940.4054514
1417	Lithuania	928.7346829
1418	Luxembourg	3755.471514
1419	Luxembourg	3772.694201
1420	Luxembourg	3792.172717
1421	Luxembourg	3813.640687
1422	Luxembourg	3836.830181
1423	Luxembourg	3861.516988
1424	Luxembourg	3887.504377
1425	Luxembourg	3914.62184
1426	Luxembourg	3942.721624
1427	Luxembourg	3971.67508
1428	Luxembourg	4001.370532
1429	Luxembourg	4031.710501
1430	Luxembourg	4062.611211
1431	Luxembourg	4093.999623
1432	MS Zaandam	9.09589901
1433	MS Zaandam	9.190236639
1434	MS Zaandam	9.283037644
1435	MS Zaandam	9.37588912
1436	MS Zaandam	9.468764804
1437	MS Zaandam	9.561639277
1438	MS Zaandam	9.654513406
1439	MS Zaandam	9.747387536
1440	MS Zaandam	9.840261698
1441	MS Zaandam	9.933135868
1442	MS Zaandam	10.02601003
1443	MS Zaandam	10.11888422
1444	MS Zaandam	10.2117584
1445	MS Zaandam	10.30463262
1446	Madagascar	129.7045894
1447	Madagascar	130.7691461
1448	Madagascar	132.1237523
1449	Madagascar	133.3793462
1450	Madagascar	134.6862909
1451	Madagascar	135.9792026
1452	Madagascar	137.2819058
1453	Madagascar	138.5831185
1454	Madagascar	139.8864341
1455	Madagascar	141.1898019
1456	Madagascar	142.4936943
1457	Madagascar	143.797702
1458	Madagascar	145.1018595
1459	Madagascar	146.4060733
1460	Malawi	36.13118325
1461	Malawi	36.43346478
1462	Malawi	36.79080458
1463	Malawi	37.15795174
1464	Malawi	37.52533661
1465	Malawi	37.89220686
1466	Malawi	38.25887257
1467	Malawi	38.62549434
1468	Malawi	38.99211243
1469	Malawi	39.35873173
1470	Malawi	39.72535168
1471	Malawi	40.09197176
1472	Malawi	40.45859178
1473	Malawi	40.82521165
1474	Malaysia	5887.086281
1475	Malaysia	5921.933467
1476	Malaysia	5958.301873
1477	Malaysia	5994.911549
1478	Malaysia	6032.283299
1479	Malaysia	6070.138744
1480	Malaysia	6108.558166
1481	Malaysia	6147.464326
1482	Malaysia	6186.852608
1483	Malaysia	6226.688666
1484	Malaysia	6266.952538
1485	Malaysia	6307.620297
1486	Malaysia	6348.670882
1487	Malaysia	6390.08419
1488	Maldives	268.7597303
1489	Maldives	286.1121102
1490	Maldives	301.6017378
1491	Maldives	315.5955525
1492	Maldives	328.2594085
1493	Maldives	339.7687466
1494	Maldives	350.2701933
1495	Maldives	359.892786
1496	Maldives	368.7487263
1497	Maldives	376.9358796
1498	Maldives	384.5395494
1499	Maldives	391.6341106
1500	Maldives	398.2844145
1501	Maldives	404.5470188
1502	Mali	439.9693959
1503	Mali	454.0098266
1504	Mali	467.6838178
1505	Mali	480.0545672
1506	Mali	491.9557787
1507	Mali	502.9361831
1508	Mali	513.4494947
1509	Mali	523.2875851
1510	Mali	532.7041933
1511	Mali	541.6112584
1512	Mali	550.1558214
1513	Mali	558.3077229
1514	Mali	566.155948
1515	Mali	573.697096
1516	Malta	461.7201358
1517	Malta	468.0651356
1518	Malta	472.4612501
1519	Malta	477.992581
1520	Malta	482.6253881
1521	Malta	487.7394637
1522	Malta	492.4316009
1523	Malta	497.3205506
1524	Malta	502.0060758
1525	Malta	506.7666105
1526	Malta	511.4254847
1527	Malta	516.1086505
1528	Malta	520.7386307
1529	Malta	525.3728551
1530	Mauritania	7.063109521
1531	Mauritania	7.123118982
1532	Mauritania	7.193926619
1533	Mauritania	7.26368064
1534	Mauritania	7.33530865
1535	Mauritania	7.406666693
1536	Mauritania	7.478354327
1537	Mauritania	7.549980133
1538	Mauritania	7.621664598
1539	Mauritania	7.693335694
1540	Mauritania	7.765017312
1541	Mauritania	7.836696118
1542	Mauritania	7.908376797
1543	Mauritania	7.980056871
1544	Mauritius	335.8305583
1545	Mauritius	337.1375541
1546	Mauritius	339.205141
1547	Mauritius	341.2043036
1548	Mauritius	343.5560343
1549	Mauritius	345.9606422
1550	Mauritius	348.5493996
1551	Mauritius	351.2088263
1552	Mauritius	353.9749816
1553	Mauritius	356.8015497
1554	Mauritius	359.6947473
1555	Mauritius	362.6335867
1556	Mauritius	365.6159678
1557	Mauritius	368.6311736
1558	Mexico	17951.02022
1559	Mexico	19143.51923
1560	Mexico	20328.86253
1561	Mexico	21507.20888
1562	Mexico	22678.6915
1563	Mexico	23843.42132
1564	Mexico	25001.49212
1565	Mexico	26153.01366
1566	Mexico	27298.08616
1567	Mexico	28436.82226
1568	Mexico	29569.31552
1569	Mexico	30695.66177
1570	Mexico	31815.95083
1571	Mexico	32930.2675
1572	Moldova	3755.236313
1573	Moldova	3880.787442
1574	Moldova	3996.58369
1575	Moldova	4109.982417
1576	Moldova	4218.529694
1577	Moldova	4323.524089
1578	Moldova	4424.79684
1579	Moldova	4522.723479
1580	Moldova	4617.451162
1581	Moldova	4709.195465
1582	Moldova	4798.129631
1583	Moldova	4884.426581
1584	Moldova	4968.244542
1585	Moldova	5049.733485
1586	Monaco	95.84437339
1587	Monaco	96.37988917
1588	Monaco	97.22941142
1589	Monaco	97.99049494
1590	Monaco	98.87187546
1591	Monaco	99.73191683
1592	Monaco	100.6397116
1593	Monaco	101.5448177
1594	Monaco	102.469647
1595	Monaco	103.3959392
1596	Monaco	104.3307176
1597	Monaco	105.2672262
1598	Monaco	106.207531
1599	Monaco	107.1490612
1600	Mongolia	38.36963031
1601	Mongolia	38.75142553
1602	Mongolia	39.14174407
1603	Mongolia	39.53261053
1604	Mongolia	39.9236824
1605	Mongolia	40.31477305
1606	Mongolia	40.70586873
1607	Mongolia	41.09696499
1608	Mongolia	41.48806128
1609	Mongolia	41.87915765
1610	Mongolia	42.27025392
1611	Mongolia	42.66135013
1612	Mongolia	43.0524463
1613	Mongolia	43.44354248
1614	Montenegro	321.5324751
1615	Montenegro	322.2975728
1616	Montenegro	323.3664465
1617	Montenegro	324.656381
1618	Montenegro	326.1582855
1619	Montenegro	327.8367996
1620	Montenegro	329.6730349
1621	Montenegro	331.6453224
1622	Montenegro	333.7370242
1623	Montenegro	335.9326443
1624	Montenegro	338.2190999
1625	Montenegro	340.5847848
1626	Montenegro	343.0196577
1627	Montenegro	345.5149203
1628	Morocco	4345.494757
1629	Morocco	4451.493008
1630	Morocco	4547.815187
1631	Morocco	4644.434291
1632	Morocco	4737.178375
1633	Morocco	4828.081008
1634	Morocco	4916.437425
1635	Morocco	5002.736217
1636	Morocco	5086.931182
1637	Morocco	5169.20172
1638	Morocco	5249.619996
1639	Morocco	5328.296832
1640	Morocco	5405.318537
1641	Morocco	5480.774386
1642	Mozambique	76.37188986
1643	Mozambique	76.84611673
1644	Mozambique	77.4359532
1645	Mozambique	78.08167811
1646	Mozambique	78.7699812
1647	Mozambique	79.48315444
1648	Mozambique	80.21319317
1649	Mozambique	80.9537283
1650	Mozambique	81.70112301
1651	Mozambique	82.45287692
1652	Mozambique	83.20744557
1653	Mozambique	83.96381494
1654	Mozambique	84.72134212
1655	Mozambique	85.47961141
1656	Namibia	16.1619349
1657	Namibia	16.32537321
1658	Namibia	16.49019319
1659	Namibia	16.65503868
1660	Namibia	16.8198961
1661	Namibia	16.98475381
1662	Namibia	17.14961163
1663	Namibia	17.31446944
1664	Namibia	17.47932726
1665	Namibia	17.64418506
1666	Namibia	17.80904286
1667	Namibia	17.97390059
1668	Namibia	18.13875837
1669	Namibia	18.30361615
1670	Nepal	54.62164552
1671	Nepal	55.28491125
1672	Nepal	55.85431366
1673	Nepal	56.41990589
1674	Nepal	56.97862666
1675	Nepal	57.53658626
1676	Nepal	58.09400779
1677	Nepal	58.65133696
1678	Nepal	59.2086214
1679	Nepal	59.76589608
1680	Nepal	60.32316657
1681	Nepal	60.88043584
1682	Nepal	61.43770455
1683	Nepal	61.99497305
1684	Netherlands	38762.98322
1685	Netherlands	38917.05726
1686	Netherlands	39076.80555
1687	Netherlands	39242.2709
1688	Netherlands	39413.25358
1689	Netherlands	39589.52928
1690	Netherlands	39770.83606
1691	Netherlands	39956.96259
1692	Netherlands	40147.66555
1693	Netherlands	40342.74137
1694	Netherlands	40542.00547
1695	Netherlands	40745.25827
1696	Netherlands	40952.33525
1697	Netherlands	41163.06534
1698	New Zealand	1476.926908
1699	New Zealand	1479.840852
1700	New Zealand	1483.174216
1701	New Zealand	1486.703608
1702	New Zealand	1490.520147
1703	New Zealand	1494.565088
1704	New Zealand	1498.852008
1705	New Zealand	1503.360508
1706	New Zealand	1508.087007
1707	New Zealand	1513.020444
1708	New Zealand	1518.153895
1709	New Zealand	1523.478938
1710	New Zealand	1528.988336
1711	New Zealand	1534.674748
1712	Nicaragua	13.11912451
1713	Nicaragua	13.24021724
1714	Nicaragua	13.37213079
1715	Nicaragua	13.5044014
1716	Nicaragua	13.63765823
1717	Nicaragua	13.77096367
1718	Nicaragua	13.90435925
1719	Nicaragua	14.03776068
1720	Nicaragua	14.17117032
1721	Nicaragua	14.30458059
1722	Nicaragua	14.43799157
1723	Nicaragua	14.57140257
1724	Nicaragua	14.70481359
1725	Nicaragua	14.83822457
1726	Niger	715.4968839
1727	Niger	722.7181357
1728	Niger	729.5658542
1729	Niger	736.5846893
1730	Niger	743.5073975
1731	Niger	750.4676597
1732	Niger	757.4007762
1733	Niger	764.3399089
1734	Niger	771.269708
1735	Niger	778.198594
1736	Niger	785.1231664
1737	Niger	792.0457507
1738	Niger	798.9657299
1739	Niger	805.8839046
1740	Nigeria	1642.75952
1741	Nigeria	1786.468367
1742	Nigeria	1900.786887
1743	Nigeria	2020.230564
1744	Nigeria	2126.950643
1745	Nigeria	2231.316276
1746	Nigeria	2328.400874
1747	Nigeria	2421.489307
1748	Nigeria	2509.384177
1749	Nigeria	2593.26638
1750	Nigeria	2672.992357
1751	Nigeria	2749.097632
1752	Nigeria	2821.716776
1753	Nigeria	2891.169912
1754	North Macedonia	1438.601829
1755	North Macedonia	1457.185002
1756	North Macedonia	1474.711174
1757	North Macedonia	1492.059003
1758	North Macedonia	1508.947896
1759	North Macedonia	1525.54731
1760	North Macedonia	1541.842537
1761	North Macedonia	1557.885713
1762	North Macedonia	1573.697425
1763	North Macedonia	1589.306088
1764	North Macedonia	1604.732997
1765	North Macedonia	1619.998635
1766	North Macedonia	1635.120595
1767	North Macedonia	1650.114751
1768	Norway	7726.707617
1769	Norway	7791.29635
1770	Norway	7857.369468
1771	Norway	7923.20985
1772	Norway	7989.581435
1773	Norway	8056.095177
1774	Norway	8122.901082
1775	Norway	8189.901494
1776	Norway	8257.117116
1777	Norway	8324.513391
1778	Norway	8392.083998
1779	Norway	8459.811828
1780	Norway	8527.685367
1781	Norway	8595.69367
1782	Oman	2192.198831
1783	Oman	2264.037502
1784	Oman	2327.532781
1785	Oman	2394.245457
1786	Oman	2457.229179
1787	Oman	2520.74905
1788	Oman	2582.274468
1789	Oman	2643.391199
1790	Oman	2703.188415
1791	Oman	2762.266679
1792	Oman	2820.308799
1793	Oman	2877.55226
1794	Oman	2933.896796
1795	Oman	2989.445418
1796	Pakistan	15196.65662
1797	Pakistan	15818.74524
1798	Pakistan	16380.79553
1799	Pakistan	16949.43925
1800	Pakistan	17482.18101
1801	Pakistan	18008.91498
1802	Pakistan	18511.36049
1803	Pakistan	19003.16677
1804	Pakistan	19476.67258
1805	Pakistan	19938.29964
1806	Pakistan	20385.04835
1807	Pakistan	20820.0981
1808	Pakistan	21242.46942
1809	Pakistan	21653.87921
1810	Panama	6105.285231
1811	Panama	6159.297699
1812	Panama	6223.370375
1813	Panama	6283.394672
1814	Panama	6344.389758
1815	Panama	6404.644246
1816	Panama	6464.806256
1817	Panama	6524.68876
1818	Panama	6584.393156
1819	Panama	6643.915517
1820	Panama	6703.285691
1821	Panama	6762.517365
1822	Panama	6821.628713
1823	Panama	6880.63194
1824	Papua New Guinea	8.086686201
1825	Papua New Guinea	8.1712258
1826	Papua New Guinea	8.253671055
1827	Papua New Guinea	8.336221378
1828	Papua New Guinea	8.418821031
1829	Papua New Guinea	8.501416851
1830	Papua New Guinea	8.584011546
1831	Papua New Guinea	8.666606407
1832	Papua New Guinea	8.749201272
1833	Papua New Guinea	8.831796131
1834	Papua New Guinea	8.914391012
1835	Papua New Guinea	8.996985896
1836	Papua New Guinea	9.079580778
1837	Papua New Guinea	9.162175685
1838	Paraguay	244.5021882
1839	Paraguay	249.3690751
1840	Paraguay	253.2242432
1841	Paraguay	256.5937861
1842	Paraguay	259.6321836
1843	Paraguay	262.4730741
1844	Paraguay	265.1903893
1845	Paraguay	267.8317193
1846	Paraguay	270.4260234
1847	Paraguay	272.9912874
1848	Paraguay	275.5386005
1849	Paraguay	278.0748182
1850	Paraguay	280.6041756
1851	Paraguay	283.1292905
1852	Peru	32757.54137
1853	Peru	34698.97489
1854	Peru	36278.59159
1855	Peru	37930.34262
1856	Peru	39413.97791
1857	Peru	40876.83005
1858	Peru	42242.25358
1859	Peru	43562.10887
1860	Peru	44813.7069
1861	Peru	46016.64457
1862	Peru	47165.84228
1863	Peru	48269.95315
1864	Peru	49329.24697
1865	Peru	50348.44758
1866	Philippines	8130.726601
1867	Philippines	8292.637766
1868	Philippines	8446.643151
1869	Philippines	8592.736886
1870	Philippines	8732.216545
1871	Philippines	8865.583425
1872	Philippines	8993.609066
1873	Philippines	9116.822637
1874	Philippines	9235.771509
1875	Philippines	9350.907263
1876	Philippines	9462.647842
1877	Philippines	9571.35744
1878	Philippines	9677.366671
1879	Philippines	9780.96567
1880	Poland	12511.14068
1881	Poland	12812.27701
1882	Poland	13103.91692
1883	Poland	13396.15759
1884	Poland	13683.34623
1885	Poland	13968.81685
1886	Poland	14250.77045
1887	Poland	14530.33507
1888	Poland	14806.96533
1889	Poland	15081.07014
1890	Poland	15352.5066
1891	Poland	15621.44953
1892	Poland	15887.88737
1893	Poland	16151.9116
1894	Portugal	24548.00496
1895	Portugal	24806.01693
1896	Portugal	25045.52809
1897	Portugal	25292.06123
1898	Portugal	25532.95555
1899	Portugal	25774.69257
1900	Portugal	26014.15964
1901	Portugal	26253.03304
1902	Portugal	26490.58506
1903	Portugal	26727.28426
1904	Portugal	26962.98968
1905	Portugal	27197.87203
1906	Portugal	27431.92971
1907	Portugal	27665.2303
1908	Qatar	12663.33009
1909	Qatar	13382.07489
1910	Qatar	14100.2952
1911	Qatar	14812.15505
1912	Qatar	15519.28165
1913	Qatar	16221.36012
1914	Qatar	16918.57855
1915	Qatar	17611.01372
1916	Qatar	18298.74193
1917	Qatar	18981.84303
1918	Qatar	19660.38549
1919	Qatar	20334.45703
1920	Qatar	21004.12313
1921	Qatar	21669.44514
1922	Romania	11889.0899
1923	Romania	12151.39863
1924	Romania	12406.06359
1925	Romania	12652.69176
1926	Romania	12892.07924
1927	Romania	13124.56904
1928	Romania	13350.61727
1929	Romania	13570.60609
1930	Romania	13784.90903
1931	Romania	13993.87082
1932	Romania	14197.81817
1933	Romania	14397.05704
1934	Romania	14591.86992
1935	Romania	14782.52622
1936	Russia	99883.14944
1937	Russia	106224.22
1938	Russia	112546.818
1939	Russia	118862.5547
1940	Russia	125167.8475
1941	Russia	131464.1228
1942	Russia	137751.0879
1943	Russia	144041.264
1944	Russia	150318.2572
1945	Russia	156587.5555
1946	Russia	162847.5498
1947	Russia	169098.9808
1948	Russia	175341.531
1949	Russia	181575.5661
1950	Rwanda	218.8824688
1951	Rwanda	222.9437991
1952	Rwanda	226.9496094
1953	Rwanda	230.1155664
1954	Rwanda	233.0842288
1955	Rwanda	235.7638029
1956	Rwanda	238.323127
1957	Rwanda	240.7716223
1958	Rwanda	243.1608958
1959	Rwanda	245.5048346
1960	Rwanda	247.8215905
1961	Rwanda	250.1191558
1962	Rwanda	252.4045875
1963	Rwanda	254.6817551
1964	Saint Kitts and Nevis	15.14555271
1965	Saint Kitts and Nevis	15.30171012
1966	Saint Kitts and Nevis	15.45645945
1967	Saint Kitts and Nevis	15.61094725
1968	Saint Kitts and Nevis	15.76543709
1969	Saint Kitts and Nevis	15.919931
1970	Saint Kitts and Nevis	16.07442517
1971	Saint Kitts and Nevis	16.2289193
1972	Saint Kitts and Nevis	16.38341342
1973	Saint Kitts and Nevis	16.53790754
1974	Saint Kitts and Nevis	16.69240166
1975	Saint Kitts and Nevis	16.84689579
1976	Saint Kitts and Nevis	17.0013899
1977	Saint Kitts and Nevis	17.15588401
1978	Saint Lucia	15.0944896
1979	Saint Lucia	15.18760953
1980	Saint Lucia	15.3174148
1981	Saint Lucia	15.44615654
1982	Saint Lucia	15.58915448
1983	Saint Lucia	15.73153259
1984	Saint Lucia	15.87945568
1985	Saint Lucia	16.02705739
1986	Saint Lucia	16.17681759
1987	Saint Lucia	16.32642138
1988	Saint Lucia	16.47686596
1989	Saint Lucia	16.62723728
1990	Saint Lucia	16.77793627
1991	Saint Lucia	16.92860175
1992	Saint Vincent and the Grenadines	15.29901307
1993	Saint Vincent and the Grenadines	15.43458703
1994	Saint Vincent and the Grenadines	15.61475033
1995	Saint Vincent and the Grenadines	15.76794152
1996	Saint Vincent and the Grenadines	15.92763397
1997	Saint Vincent and the Grenadines	16.0828236
1998	Saint Vincent and the Grenadines	16.23892837
1999	Saint Vincent and the Grenadines	16.39427112
2000	Saint Vincent and the Grenadines	16.5497352
2001	Saint Vincent and the Grenadines	16.70506824
2002	Saint Vincent and the Grenadines	16.8604155
2003	Saint Vincent and the Grenadines	17.01573973
2004	Saint Vincent and the Grenadines	17.17106509
2005	Saint Vincent and the Grenadines	17.32638623
2006	San Marino	556.349013
2007	San Marino	565.8468142
2008	San Marino	570.5580846
2009	San Marino	577.7908342
2010	San Marino	583.0563477
2011	San Marino	589.356236
2012	San Marino	594.8472833
2013	San Marino	600.7628007
2014	San Marino	606.3456236
2015	San Marino	612.1026854
2016	San Marino	617.7228483
2017	San Marino	623.4145493
2018	San Marino	629.0498926
2019	San Marino	634.7146092
2020	Sao Tome and Principe	8.000031798
2021	Sao Tome and Principe	8.000059743
2022	Sao Tome and Principe	8.084376774
2023	Sao Tome and Principe	8.166917758
2024	Sao Tome and Principe	8.247719291
2025	Sao Tome and Principe	8.328594954
2026	Sao Tome and Principe	8.409505732
2027	Sao Tome and Principe	8.490414213
2028	Sao Tome and Principe	8.571322018
2029	Sao Tome and Principe	8.652229889
2030	Sao Tome and Principe	8.733137794
2031	Sao Tome and Principe	8.814045682
2032	Sao Tome and Principe	8.894953582
2033	Sao Tome and Principe	8.975861491
2034	Saudi Arabia	21336.84875
2035	Saudi Arabia	22596.15591
2036	Saudi Arabia	23851.48778
2037	Saudi Arabia	25102.58703
2038	Saudi Arabia	26349.48786
2039	Saudi Arabia	27596.02519
2040	Saudi Arabia	28838.82662
2041	Saudi Arabia	30077.63725
2042	Saudi Arabia	31312.48754
2043	Saudi Arabia	32543.41453
2044	Saudi Arabia	33770.46617
2045	Saudi Arabia	34993.68904
2046	Saudi Arabia	36216.58131
2047	Saudi Arabia	37439.44489
2048	Senegal	903.6763799
2049	Senegal	986.0277449
2050	Senegal	1067.286436
2051	Senegal	1148.840308
2052	Senegal	1229.686698
2053	Senegal	1310.094568
2054	Senegal	1390.005074
2055	Senegal	1469.443655
2056	Senegal	1548.41353
2057	Senegal	1626.92338
2058	Senegal	1704.980159
2059	Senegal	1782.591132
2060	Senegal	1859.763119
2061	Senegal	1936.502893
2062	Serbia	8716.654208
2063	Serbia	8931.212227
2064	Serbia	9141.843581
2065	Serbia	9348.357334
2066	Serbia	9551.023872
2067	Serbia	9749.946052
2068	Serbia	9945.275845
2069	Serbia	10137.14071
2070	Serbia	10325.67193
2071	Serbia	10510.98921
2072	Serbia	10693.21178
2073	Serbia	10872.45206
2074	Serbia	11048.81915
2075	Serbia	11222.41891
2076	Seychelles	11.08385808
2077	Seychelles	11.17541519
2078	Seychelles	11.28112002
2079	Seychelles	11.38935823
2080	Seychelles	11.50009753
2081	Seychelles	11.61147276
2082	Seychelles	11.72330751
2083	Seychelles	11.8352864
2084	Seychelles	11.94735218
2085	Seychelles	12.05944899
2086	Seychelles	12.17156252
2087	Seychelles	12.28368248
2088	Seychelles	12.39580563
2089	Seychelles	12.50793003
2090	Sierra Leone	0
2091	Sierra Leone	0
2092	Sierra Leone	0
2093	Sierra Leone	0
2094	Sierra Leone	0
2095	Sierra Leone	0
2096	Sierra Leone	0
2097	Sierra Leone	0
2098	Sierra Leone	0
2099	Sierra Leone	0
2100	Sierra Leone	0
2101	Sierra Leone	0
2102	Sierra Leone	0
2103	Sierra Leone	0
2104	Singapore	15602.13963
2105	Singapore	16175.25732
2106	Singapore	16773.70512
2107	Singapore	17345.02542
2108	Singapore	17916.45986
2109	Singapore	18474.46179
2110	Singapore	19026.33155
2111	Singapore	19568.71206
2112	Singapore	20103.6559
2113	Singapore	20630.45452
2114	Singapore	21149.803
2115	Singapore	21661.65908
2116	Singapore	22166.36457
2117	Singapore	22664.04396
2118	Slovakia	1389.66389
2119	Slovakia	1396.768404
2120	Slovakia	1405.248556
2121	Slovakia	1414.732503
2122	Slovakia	1425.040263
2123	Slovakia	1435.988866
2124	Slovakia	1447.448248
2125	Slovakia	1459.31026
2126	Slovakia	1471.491325
2127	Slovakia	1483.924642
2128	Slovakia	1496.557595
2129	Slovakia	1509.34849
2130	Slovakia	1522.264402
2131	Slovakia	1535.279206
2132	Slovenia	1414.913346
2133	Slovenia	1422.417859
2134	Slovenia	1430.504644
2135	Slovenia	1439.097606
2136	Slovenia	1448.145562
2137	Slovenia	1457.598811
2138	Slovenia	1467.414028
2139	Slovenia	1477.552302
2140	Slovenia	1487.978951
2141	Slovenia	1498.663106
2142	Slovenia	1509.577122
2143	Slovenia	1520.696404
2144	Slovenia	1531.998978
2145	Slovenia	1543.465193
2146	Somalia	567.2720482
2147	Somalia	605.800814
2148	Somalia	639.6232501
2149	Somalia	671.5591767
2150	Somalia	700.4803675
2151	Somalia	727.4698315
2152	Somalia	752.295664
2153	Somalia	775.4383317
2154	Somalia	796.9325063
2155	Somalia	817.0354004
2156	Somalia	835.846956
2157	Somalia	853.5309594
2158	Somalia	870.190999
2159	Somalia	885.944143
2160	South Africa	5191.896614
2161	South Africa	5373.536229
2162	South Africa	5544.147084
2163	South Africa	5704.326338
2164	South Africa	5855.16925
2165	South Africa	5997.532643
2166	South Africa	6132.224562
2167	South Africa	6259.966491
2168	South Africa	6381.414096
2169	South Africa	6497.159343
2170	South Africa	6607.73905
2171	South Africa	6713.638821
2172	South Africa	6815.297307
2173	South Africa	6913.112951
2174	South Sudan	34.015235
2175	South Sudan	62.01997824
2176	South Sudan	61.97833022
2177	South Sudan	90.2120277
2178	South Sudan	0
2179	Spain	212439.9419
2180	Spain	213989.5455
2181	Spain	215664.7782
2182	Spain	217330.7249
2183	Spain	219052.8075
2184	Spain	220788.9603
2185	Spain	222557.3735
2186	Spain	224343.97
2187	Spain	226154.1597
2188	Spain	227979.6783
2189	Spain	229822.9853
2190	Spain	231678.6619
2191	Spain	233548.1655
2192	Spain	235428.2723
2193	Sri Lanka	655.0210242
2194	Sri Lanka	686.8195814
2195	Sri Lanka	716.9318886
2196	Sri Lanka	744.9861819
2197	Sri Lanka	771.2992159
2198	Sri Lanka	795.9982839
2199	Sri Lanka	819.2381369
2200	Sri Lanka	841.149636
2201	Sri Lanka	861.8539633
2202	Sri Lanka	881.4605808
2203	Sri Lanka	900.0690648
2204	Sri Lanka	917.7698169
2205	Sri Lanka	934.6449869
2206	Sri Lanka	950.7692026
2207	Sudan	355.3262968
2208	Sudan	395.088701
2209	Sudan	431.253222
2210	Sudan	468.430661
2211	Sudan	503.2134452
2212	Sudan	538.2290771
2213	Sudan	571.5571185
2214	Sudan	604.7000542
2215	Sudan	636.5795185
2216	Sudan	668.0591633
2217	Sudan	698.5373107
2218	Sudan	728.5143701
2219	Sudan	757.6583515
2220	Sudan	786.2627645
2221	Suriname	10.07027911
2222	Suriname	10.14681993
2223	Suriname	10.23927256
2224	Suriname	10.33451141
2225	Suriname	10.43347613
2226	Suriname	10.53338193
2227	Suriname	10.63418613
2228	Suriname	10.73527612
2229	Suriname	10.83658797
2230	Suriname	10.93798202
2231	Suriname	11.03943183
2232	Suriname	11.1409045
2233	Suriname	11.2423913
2234	Suriname	11.34388427
2235	Sweden	20277.91154
2236	Sweden	20914.25284
2237	Sweden	21530.52761
2238	Sweden	22127.81184
2239	Sweden	22707.10117
2240	Sweden	23269.32821
2241	Sweden	23815.37867
2242	Sweden	24346.09803
2243	Sweden	24862.27085
2244	Sweden	25364.65296
2245	Sweden	25853.95321
2246	Sweden	26330.84544
2247	Sweden	26795.96318
2248	Sweden	27249.90906
2249	Switzerland	29374.07622
2250	Switzerland	29486.63857
2251	Switzerland	29605.50577
2252	Switzerland	29728.2328
2253	Switzerland	29855.82028
2254	Switzerland	29987.36097
2255	Switzerland	30123.06525
2256	Switzerland	30262.53702
2257	Switzerland	30405.69453
2258	Switzerland	30552.34653
2259	Switzerland	30702.33032
2260	Switzerland	30855.50183
2261	Switzerland	31011.71979
2262	Switzerland	31170.8537
2263	Syria	43.41763427
2264	Syria	43.83709306
2265	Syria	44.27799406
2266	Syria	44.71908235
2267	Syria	45.16127229
2268	Syria	45.60347657
2269	Syria	46.04573743
2270	Syria	46.48799919
2271	Syria	46.93026372
2272	Syria	47.3725283
2273	Syria	47.81479293
2274	Syria	48.25705749
2275	Syria	48.69932198
2276	Syria	49.14158641
2277	Taiwan*	429.5288917
2278	Taiwan*	430.248621
2279	Taiwan*	431.2998182
2280	Taiwan*	432.5654161
2281	Taiwan*	434.073042
2282	Taiwan*	435.7745529
2283	Taiwan*	437.6663235
2284	Taiwan*	439.723149
2285	Taiwan*	441.934147
2286	Taiwan*	444.2828799
2287	Taiwan*	446.7580183
2288	Taiwan*	449.347309
2289	Taiwan*	452.0407103
2290	Taiwan*	454.8285065
2291	Tajikistan	0
2292	Tajikistan	0
2293	Tajikistan	0
2294	Tajikistan	0
2295	Tajikistan	0
2296	Tajikistan	0
2297	Tajikistan	0
2298	Tajikistan	0
2299	Tajikistan	0
2300	Tajikistan	0
2301	Tajikistan	0
2302	Tajikistan	0
2303	Tanzania	0
2304	Tanzania	0
2305	Tanzania	0
2306	Tanzania	0
2307	Tanzania	0
2308	Tanzania	0
2309	Tanzania	0
2310	Tanzania	0
2311	Tanzania	0
2312	Tanzania	0
2313	Tanzania	0
2314	Tanzania	0
2315	Tanzania	0
2316	Tanzania	0
2317	Thailand	2947.081908
2318	Thailand	2957.026208
2319	Thailand	2968.063014
2320	Thailand	2980.035542
2321	Thailand	2992.899061
2322	Thailand	3006.584546
2323	Thailand	3021.035465
2324	Thailand	3036.197272
2325	Thailand	3052.020025
2326	Thailand	3068.457057
2327	Thailand	3085.465276
2328	Thailand	3103.004172
2329	Thailand	3121.036659
2330	Thailand	3139.528173
2331	Timor-Leste	24.16777645
2332	Timor-Leste	24.37008234
2333	Timor-Leste	24.59753125
2334	Timor-Leste	24.83386828
2335	Timor-Leste	25.07473887
2336	Timor-Leste	25.31749878
2337	Timor-Leste	25.56113532
2338	Timor-Leste	25.80515547
2339	Timor-Leste	26.04934878
2340	Timor-Leste	26.29361882
2341	Timor-Leste	26.5379232
2342	Timor-Leste	26.78224272
2343	Timor-Leste	27.02656889
2344	Timor-Leste	27.27089789
2345	Togo	100.0117533
2346	Togo	101.0228669
2347	Togo	102.0335768
2348	Togo	103.044085
2349	Togo	104.0544922
2350	Togo	105.0648487
2351	Togo	106.0751794
2352	Togo	107.0854967
2353	Togo	108.095806
2354	Togo	109.1061108
2355	Togo	110.1164126
2356	Togo	111.1267122
2357	Togo	112.1370099
2358	Togo	113.1473061
2359	Trinidad and Tobago	117.1062893
2360	Trinidad and Tobago	118.153505
2361	Trinidad and Tobago	119.3256721
2362	Trinidad and Tobago	120.4973952
2363	Trinidad and Tobago	121.683555
2364	Trinidad and Tobago	122.8704004
2365	Trinidad and Tobago	124.0589527
2366	Trinidad and Tobago	125.2476702
2367	Trinidad and Tobago	126.4365943
2368	Trinidad and Tobago	127.625546
2369	Trinidad and Tobago	128.8145243
2370	Trinidad and Tobago	130.0035053
2371	Trinidad and Tobago	131.1924902
2372	Trinidad and Tobago	132.3814739
2373	Tunisia	987.1760274
2374	Tunisia	997.1332014
2375	Tunisia	1007.84793
2376	Tunisia	1018.009793
2377	Tunisia	1028.255517
2378	Tunisia	1038.325991
2379	Tunisia	1048.365056
2380	Tunisia	1058.327843
2381	Tunisia	1068.251731
2382	Tunisia	1078.133382
2383	Tunisia	1087.985513
2384	Tunisia	1097.811374
2385	Tunisia	1107.616857
2386	Tunisia	1117.405257
2387	Turkey	117031.4563
2388	Turkey	119384.2647
2389	Turkey	121711.4283
2390	Turkey	124013.6465
2391	Turkey	126291.5288
2392	Turkey	128545.629
2393	Turkey	130776.5048
2394	Turkey	132984.79
2395	Turkey	135170.959
2396	Turkey	137335.5568
2397	Turkey	139479.0207
2398	Turkey	141601.906
2399	Turkey	143704.7724
2400	Turkey	145788.0861
2401	US	1036953.896
2402	US	1061157.525
2403	US	1085174.023
2404	US	1109009.406
2405	US	1132667.843
2406	US	1156152.15
2407	US	1179498.932
2408	US	1202675.119
2409	US	1225688.34
2410	US	1248550.215
2411	US	1271262.216
2412	US	1293831.74
2413	US	1316245.87
2414	US	1338512.671
2415	Uganda	79.44935565
2416	Uganda	79.94058377
2417	Uganda	80.58825769
2418	Uganda	81.2647287
2419	Uganda	81.99701319
2420	Uganda	82.74428115
2421	Uganda	83.51190675
2422	Uganda	84.28652063
2423	Uganda	85.06870345
2424	Uganda	85.85396623
2425	Uganda	86.6420882
2426	Uganda	87.43152265
2427	Uganda	88.22205052
2428	Uganda	89.01312552
2429	Ukraine	9803.35652
2430	Ukraine	10191.53382
2431	Ukraine	10574.35532
2432	Ukraine	10951.99923
2433	Ukraine	11324.59321
2434	Ukraine	11692.26913
2435	Ukraine	12055.14634
2436	Ukraine	12413.34572
2437	Ukraine	12766.98284
2438	Ukraine	13116.17139
2439	Ukraine	13461.01842
2440	Ukraine	13801.63296
2441	Ukraine	14138.11505
2442	Ukraine	14470.56633
2443	United Arab Emirates	11888.00451
2444	United Arab Emirates	12402.20281
2445	United Arab Emirates	12904.62561
2446	United Arab Emirates	13403.82164
2447	United Arab Emirates	13896.0218
2448	United Arab Emirates	14383.18203
2449	United Arab Emirates	14864.57979
2450	United Arab Emirates	15340.73409
2451	United Arab Emirates	15811.57958
2452	United Arab Emirates	16277.32092
2453	United Arab Emirates	16738.02827
2454	United Arab Emirates	17193.83454
2455	United Arab Emirates	17644.8333
2456	United Arab Emirates	18091.13463
2457	United Kingdom	166445.4733
2458	United Kingdom	170425.417
2459	United Kingdom	174400.981
2460	United Kingdom	178315.0774
2461	United Kingdom	182199.3864
2462	United Kingdom	186038.6497
2463	United Kingdom	189841.9348
2464	United Kingdom	193606.3744
2465	United Kingdom	197334.6906
2466	United Kingdom	201026.292
2467	United Kingdom	204683.0873
2468	United Kingdom	208305.0597
2469	United Kingdom	211893.2506
2470	United Kingdom	215448.3485
2471	Uruguay	632.2481807
2472	Uruguay	638.7435468
2473	Uruguay	645.3301482
2474	Uruguay	651.8046709
2475	Uruguay	658.2415734
2476	Uruguay	664.6358213
2477	Uruguay	671.0005133
2478	Uruguay	677.3412408
2479	Uruguay	683.6635782
2480	Uruguay	689.9715356
2481	Uruguay	696.2683111
2482	Uruguay	702.5563659
2483	Uruguay	708.8376234
2484	Uruguay	715.1135822
2485	Uzbekistan	1971.658519
2486	Uzbekistan	2002.4917
2487	Uzbekistan	2031.745402
2488	Uzbekistan	2059.645879
2489	Uzbekistan	2086.385483
2490	Uzbekistan	2112.129431
2491	Uzbekistan	2137.019143
2492	Uzbekistan	2161.176155
2493	Uzbekistan	2184.70429
2494	Uzbekistan	2207.692658
2495	Uzbekistan	2230.217906
2496	Uzbekistan	2252.345645
2497	Uzbekistan	2274.132132
2498	Uzbekistan	2295.625685
2499	Venezuela	332.4250334
2500	Venezuela	333.9959672
2501	Venezuela	337.2279078
2502	Venezuela	339.6050359
2503	Venezuela	342.7910148
2504	Venezuela	345.5856477
2505	Venezuela	348.7759991
2506	Venezuela	351.7888339
2507	Venezuela	354.9962801
2508	Venezuela	358.1241919
2509	Venezuela	361.3483702
2510	Venezuela	364.5375112
2511	Venezuela	367.7745721
2512	Venezuela	370.9965617
2513	Vietnam	270.5576987
2514	Vietnam	271.3375807
2515	Vietnam	272.4202227
2516	Vietnam	273.7088762
2517	Vietnam	275.1959762
2518	Vietnam	276.8413539
2519	Vietnam	278.6261114
2520	Vietnam	280.5272894
2521	Vietnam	282.5284843
2522	Vietnam	284.6143351
2523	Vietnam	286.7724183
2524	Vietnam	288.9918791
2525	Vietnam	291.263614
2526	Vietnam	293.5798204
2527	West Bank and Gaza	344.4805907
2528	West Bank and Gaza	346.385694
2529	West Bank and Gaza	348.6107455
2530	West Bank and Gaza	351.0854841
2531	West Bank and Gaza	353.7535523
2532	West Bank and Gaza	356.5715918
2533	West Bank and Gaza	359.5059329
2534	West Bank and Gaza	362.5304784
2535	West Bank and Gaza	365.6249924
2536	West Bank and Gaza	368.7737812
2537	West Bank and Gaza	371.9646726
2538	West Bank and Gaza	375.1882269
2539	West Bank and Gaza	378.4371192
2540	West Bank and Gaza	381.7056693
2541	Western Sahara	6.064316635
2542	Western Sahara	6.127392511
2543	Western Sahara	6.189251045
2544	Western Sahara	6.251156975
2545	Western Sahara	6.313085497
2546	Western Sahara	6.375012715
2547	Western Sahara	6.436939487
2548	Western Sahara	6.498866297
2549	Western Sahara	6.560793124
2550	Western Sahara	6.622719953
2551	Western Sahara	6.684646785
2552	Western Sahara	6.746573619
2553	Western Sahara	6.808500454
2554	Western Sahara	6.870427303
2555	Yemen	1.010533186
2556	Yemen	1.020955451
2557	Yemen	1.031267899
2558	Yemen	1.041582678
2559	Yemen	1.051898589
2560	Yemen	1.062214465
2561	Yemen	1.072530329
2562	Yemen	1.082846193
2563	Yemen	1.093162058
2564	Yemen	1.103477923
2565	Yemen	1.113793789
2566	Yemen	1.124109655
2567	Yemen	1.134425521
2568	Yemen	1.14474139
2569	Zambia	96.45794276
2570	Zambia	100.9327182
2571	Zambia	102.7899917
2572	Zambia	105.9099149
2573	Zambia	107.7660071
2574	Zambia	110.1227378
2575	Zambia	111.8508106
2576	Zambia	113.7562006
2577	Zambia	115.3367981
2578	Zambia	116.9631883
2579	Zambia	118.414069
2580	Zambia	119.8614917
2581	Zambia	121.2093326
2582	Zambia	122.5386014
2583	Zimbabwe	32.50122466
2584	Zimbabwe	32.74546816
2585	Zimbabwe	33.11846965
2586	Zimbabwe	33.42540381
2587	Zimbabwe	33.76542645
2588	Zimbabwe	34.08845669
2589	Zimbabwe	34.41999281
2590	Zimbabwe	34.74715653
2591	Zimbabwe	35.0765073
2592	Zimbabwe	35.40473222
2593	Zimbabwe	35.73351939
2594	Zimbabwe	36.06201627
2595	Zimbabwe	36.39065748
2596	Zimbabwe	36.71922356